"","Mature1_Acc","Mature1","goTerm"
"1","MIMAT0000062","hsa-let-7a-5p","GO:1903231"
"2","MIMAT0000062","hsa-let-7a-5p","GO:0035195"
"3","MIMAT0000062","hsa-let-7a-5p","GO:0035278"
"4","MIMAT0000062","hsa-let-7a-5p","GO:0070104"
"5","MIMAT0000062","hsa-let-7a-5p","GO:0098806"
"6","MIMAT0000062","hsa-let-7a-5p","GO:0005615"
"7","MIMAT0000062","hsa-let-7a-5p","GO:0070062"
"8","MIMAT0000062","hsa-let-7a-5p","GO:1903561"
"9","MIMAT0000063","hsa-let-7b-5p","GO:1903231"
"10","MIMAT0000063","hsa-let-7b-5p","GO:0010507"
"11","MIMAT0000063","hsa-let-7b-5p","GO:0034614"
"12","MIMAT0000063","hsa-let-7b-5p","GO:0035195"
"13","MIMAT0000063","hsa-let-7b-5p","GO:0043154"
"14","MIMAT0000063","hsa-let-7b-5p","GO:0045766"
"15","MIMAT0000063","hsa-let-7b-5p","GO:0070374"
"16","MIMAT0000063","hsa-let-7b-5p","GO:1901299"
"17","MIMAT0000063","hsa-let-7b-5p","GO:1903589"
"18","MIMAT0000063","hsa-let-7b-5p","GO:0005615"
"19","MIMAT0000063","hsa-let-7b-5p","GO:0070062"
"20","MIMAT0000063","hsa-let-7b-5p","GO:1903561"
"21","MIMAT0000064","hsa-let-7c-5p","GO:0032693"
"22","MIMAT0000064","hsa-let-7c-5p","GO:1903231"
"23","MIMAT0000064","hsa-let-7c-5p","GO:0035195"
"24","MIMAT0000064","hsa-let-7c-5p","GO:0045944"
"25","MIMAT0000064","hsa-let-7c-5p","GO:0070104"
"26","MIMAT0000064","hsa-let-7c-5p","GO:1904893"
"27","MIMAT0000064","hsa-let-7c-5p","GO:0005615"
"28","MIMAT0000064","hsa-let-7c-5p","GO:0005634"
"29","MIMAT0000064","hsa-let-7c-5p","GO:0005737"
"30","MIMAT0000064","hsa-let-7c-5p","GO:0070062"
"31","MIMAT0000064","hsa-let-7c-5p","GO:1903561"
"32","MIMAT0000065","hsa-let-7d-5p","GO:0005615"
"33","MIMAT0000065","hsa-let-7d-5p","GO:1903561"
"34","MIMAT0000066","hsa-let-7e-5p","GO:0043433"
"35","MIMAT0000066","hsa-let-7e-5p","GO:1904893"
"36","MIMAT0000066","hsa-let-7e-5p","GO:0042532"
"37","MIMAT0000066","hsa-let-7e-5p","GO:0070104"
"38","MIMAT0000066","hsa-let-7e-5p","GO:1904995"
"39","MIMAT0000066","hsa-let-7e-5p","GO:1903231"
"40","MIMAT0000066","hsa-let-7e-5p","GO:0032715"
"41","MIMAT0000066","hsa-let-7e-5p","GO:0035195"
"42","MIMAT0000066","hsa-let-7e-5p","GO:0035278"
"43","MIMAT0000066","hsa-let-7e-5p","GO:2000272"
"44","MIMAT0000066","hsa-let-7e-5p","GO:0005615"
"45","MIMAT0000067","hsa-let-7f-5p","GO:1903231"
"46","MIMAT0000067","hsa-let-7f-5p","GO:0030512"
"47","MIMAT0000067","hsa-let-7f-5p","GO:0032007"
"48","MIMAT0000067","hsa-let-7f-5p","GO:0032700"
"49","MIMAT0000067","hsa-let-7f-5p","GO:0035195"
"50","MIMAT0000067","hsa-let-7f-5p","GO:0043066"
"51","MIMAT0000067","hsa-let-7f-5p","GO:0051898"
"52","MIMAT0000067","hsa-let-7f-5p","GO:0090050"
"53","MIMAT0000067","hsa-let-7f-5p","GO:1904646"
"54","MIMAT0000067","hsa-let-7f-5p","GO:0005615"
"55","MIMAT0000067","hsa-let-7f-5p","GO:0070062"
"56","MIMAT0000068","hsa-miR-15a-5p","GO:0003730"
"57","MIMAT0000068","hsa-miR-15a-5p","GO:1903231"
"58","MIMAT0000068","hsa-miR-15a-5p","GO:0008285"
"59","MIMAT0000068","hsa-miR-15a-5p","GO:0010801"
"60","MIMAT0000068","hsa-miR-15a-5p","GO:0016525"
"61","MIMAT0000068","hsa-miR-15a-5p","GO:0032088"
"62","MIMAT0000068","hsa-miR-15a-5p","GO:0035195"
"63","MIMAT0000068","hsa-miR-15a-5p","GO:0035278"
"64","MIMAT0000068","hsa-miR-15a-5p","GO:0043065"
"65","MIMAT0000068","hsa-miR-15a-5p","GO:0043124"
"66","MIMAT0000068","hsa-miR-15a-5p","GO:0045736"
"67","MIMAT0000068","hsa-miR-15a-5p","GO:0050728"
"68","MIMAT0000068","hsa-miR-15a-5p","GO:0071333"
"69","MIMAT0000068","hsa-miR-15a-5p","GO:0090051"
"70","MIMAT0000068","hsa-miR-15a-5p","GO:1903588"
"71","MIMAT0000068","hsa-miR-15a-5p","GO:1904046"
"72","MIMAT0000068","hsa-miR-15a-5p","GO:1904706"
"73","MIMAT0000068","hsa-miR-15a-5p","GO:1904753"
"74","MIMAT0000068","hsa-miR-15a-5p","GO:1904848"
"75","MIMAT0000068","hsa-miR-15a-5p","GO:2000134"
"76","MIMAT0000068","hsa-miR-15a-5p","GO:2000353"
"77","MIMAT0000068","hsa-miR-15a-5p","GO:2001244"
"78","MIMAT0000068","hsa-miR-15a-5p","GO:0005615"
"79","MIMAT0000068","hsa-miR-15a-5p","GO:0070062"
"80","MIMAT0000068","hsa-miR-15a-5p","GO:1903561"
"81","MIMAT0000069","hsa-miR-16-5p","GO:0001569"
"82","MIMAT0000069","hsa-miR-16-5p","GO:0090051"
"83","MIMAT0000069","hsa-miR-16-5p","GO:1900747"
"84","MIMAT0000069","hsa-miR-16-5p","GO:1901164"
"85","MIMAT0000069","hsa-miR-16-5p","GO:2000134"
"86","MIMAT0000069","hsa-miR-16-5p","GO:0000993"
"87","MIMAT0000069","hsa-miR-16-5p","GO:0003730"
"88","MIMAT0000069","hsa-miR-16-5p","GO:1903231"
"89","MIMAT0000069","hsa-miR-16-5p","GO:0001937"
"90","MIMAT0000069","hsa-miR-16-5p","GO:0008285"
"91","MIMAT0000069","hsa-miR-16-5p","GO:0010666"
"92","MIMAT0000069","hsa-miR-16-5p","GO:0016525"
"93","MIMAT0000069","hsa-miR-16-5p","GO:0032088"
"94","MIMAT0000069","hsa-miR-16-5p","GO:0035195"
"95","MIMAT0000069","hsa-miR-16-5p","GO:0035278"
"96","MIMAT0000069","hsa-miR-16-5p","GO:0040037"
"97","MIMAT0000069","hsa-miR-16-5p","GO:0043065"
"98","MIMAT0000069","hsa-miR-16-5p","GO:0043124"
"99","MIMAT0000069","hsa-miR-16-5p","GO:0045727"
"100","MIMAT0000069","hsa-miR-16-5p","GO:0045930"
"101","MIMAT0000069","hsa-miR-16-5p","GO:0050728"
"102","MIMAT0000069","hsa-miR-16-5p","GO:0071333"
"103","MIMAT0000069","hsa-miR-16-5p","GO:0110081"
"104","MIMAT0000069","hsa-miR-16-5p","GO:1900016"
"105","MIMAT0000069","hsa-miR-16-5p","GO:1902461"
"106","MIMAT0000069","hsa-miR-16-5p","GO:1903588"
"107","MIMAT0000069","hsa-miR-16-5p","GO:1904046"
"108","MIMAT0000069","hsa-miR-16-5p","GO:1904848"
"109","MIMAT0000069","hsa-miR-16-5p","GO:1904858"
"110","MIMAT0000069","hsa-miR-16-5p","GO:1905205"
"111","MIMAT0000069","hsa-miR-16-5p","GO:2000545"
"112","MIMAT0000069","hsa-miR-16-5p","GO:2001244"
"113","MIMAT0000069","hsa-miR-16-5p","GO:0005615"
"114","MIMAT0000069","hsa-miR-16-5p","GO:0070062"
"115","MIMAT0000069","hsa-miR-16-5p","GO:1903561"
"116","MIMAT0000070","hsa-miR-17-5p","GO:0003730"
"117","MIMAT0000070","hsa-miR-17-5p","GO:1903231"
"118","MIMAT0000070","hsa-miR-17-5p","GO:0003085"
"119","MIMAT0000070","hsa-miR-17-5p","GO:0003151"
"120","MIMAT0000070","hsa-miR-17-5p","GO:0010629"
"121","MIMAT0000070","hsa-miR-17-5p","GO:0010666"
"122","MIMAT0000070","hsa-miR-17-5p","GO:0010989"
"123","MIMAT0000070","hsa-miR-17-5p","GO:0034122"
"124","MIMAT0000070","hsa-miR-17-5p","GO:0035195"
"125","MIMAT0000070","hsa-miR-17-5p","GO:0035278"
"126","MIMAT0000070","hsa-miR-17-5p","GO:0042985"
"127","MIMAT0000070","hsa-miR-17-5p","GO:0043154"
"128","MIMAT0000070","hsa-miR-17-5p","GO:0045777"
"129","MIMAT0000070","hsa-miR-17-5p","GO:0050766"
"130","MIMAT0000070","hsa-miR-17-5p","GO:0071222"
"131","MIMAT0000070","hsa-miR-17-5p","GO:0071456"
"132","MIMAT0000070","hsa-miR-17-5p","GO:1900017"
"133","MIMAT0000070","hsa-miR-17-5p","GO:1901300"
"134","MIMAT0000070","hsa-miR-17-5p","GO:1902109"
"135","MIMAT0000070","hsa-miR-17-5p","GO:1903244"
"136","MIMAT0000070","hsa-miR-17-5p","GO:1903671"
"137","MIMAT0000070","hsa-miR-17-5p","GO:1904046"
"138","MIMAT0000070","hsa-miR-17-5p","GO:1904598"
"139","MIMAT0000070","hsa-miR-17-5p","GO:1904685"
"140","MIMAT0000070","hsa-miR-17-5p","GO:1904707"
"141","MIMAT0000070","hsa-miR-17-5p","GO:1905101"
"142","MIMAT0000070","hsa-miR-17-5p","GO:1905111"
"143","MIMAT0000070","hsa-miR-17-5p","GO:1905149"
"144","MIMAT0000070","hsa-miR-17-5p","GO:1905460"
"145","MIMAT0000070","hsa-miR-17-5p","GO:1905601"
"146","MIMAT0000070","hsa-miR-17-5p","GO:2001243"
"147","MIMAT0000070","hsa-miR-17-5p","GO:0005615"
"148","MIMAT0000070","hsa-miR-17-5p","GO:0005739"
"149","MIMAT0000070","hsa-miR-17-5p","GO:0070062"
"150","MIMAT0000070","hsa-miR-17-5p","GO:1903561"
"151","MIMAT0000072","hsa-miR-18a-5p","GO:1903231"
"152","MIMAT0000072","hsa-miR-18a-5p","GO:0035195"
"153","MIMAT0000072","hsa-miR-18a-5p","GO:0050861"
"154","MIMAT0000072","hsa-miR-18a-5p","GO:1903671"
"155","MIMAT0000072","hsa-miR-18a-5p","GO:1905932"
"156","MIMAT0000072","hsa-miR-18a-5p","GO:0005615"
"157","MIMAT0000072","hsa-miR-18a-5p","GO:0048471"
"158","MIMAT0000075","hsa-miR-20a-5p","GO:0010611"
"159","MIMAT0000075","hsa-miR-20a-5p","GO:0014067"
"160","MIMAT0000075","hsa-miR-20a-5p","GO:0032700"
"161","MIMAT0000075","hsa-miR-20a-5p","GO:0045669"
"162","MIMAT0000075","hsa-miR-20a-5p","GO:0050728"
"163","MIMAT0000075","hsa-miR-20a-5p","GO:0051898"
"164","MIMAT0000075","hsa-miR-20a-5p","GO:0000993"
"165","MIMAT0000075","hsa-miR-20a-5p","GO:0003730"
"166","MIMAT0000075","hsa-miR-20a-5p","GO:1903231"
"167","MIMAT0000075","hsa-miR-20a-5p","GO:0003151"
"168","MIMAT0000075","hsa-miR-20a-5p","GO:0006469"
"169","MIMAT0000075","hsa-miR-20a-5p","GO:0010629"
"170","MIMAT0000075","hsa-miR-20a-5p","GO:0010667"
"171","MIMAT0000075","hsa-miR-20a-5p","GO:0030513"
"172","MIMAT0000075","hsa-miR-20a-5p","GO:0030514"
"173","MIMAT0000075","hsa-miR-20a-5p","GO:0035195"
"174","MIMAT0000075","hsa-miR-20a-5p","GO:0035278"
"175","MIMAT0000075","hsa-miR-20a-5p","GO:0035924"
"176","MIMAT0000075","hsa-miR-20a-5p","GO:0042985"
"177","MIMAT0000075","hsa-miR-20a-5p","GO:0045766"
"178","MIMAT0000075","hsa-miR-20a-5p","GO:0050766"
"179","MIMAT0000075","hsa-miR-20a-5p","GO:0051497"
"180","MIMAT0000075","hsa-miR-20a-5p","GO:0060354"
"181","MIMAT0000075","hsa-miR-20a-5p","GO:0071222"
"182","MIMAT0000075","hsa-miR-20a-5p","GO:0071901"
"183","MIMAT0000075","hsa-miR-20a-5p","GO:0090051"
"184","MIMAT0000075","hsa-miR-20a-5p","GO:1903244"
"185","MIMAT0000075","hsa-miR-20a-5p","GO:1903671"
"186","MIMAT0000075","hsa-miR-20a-5p","GO:1903753"
"187","MIMAT0000075","hsa-miR-20a-5p","GO:1904046"
"188","MIMAT0000075","hsa-miR-20a-5p","GO:1904707"
"189","MIMAT0000075","hsa-miR-20a-5p","GO:1904754"
"190","MIMAT0000075","hsa-miR-20a-5p","GO:1905061"
"191","MIMAT0000075","hsa-miR-20a-5p","GO:1905111"
"192","MIMAT0000075","hsa-miR-20a-5p","GO:0005615"
"193","MIMAT0000075","hsa-miR-20a-5p","GO:1903561"
"194","MIMAT0000076","hsa-miR-21-5p","GO:0001568"
"195","MIMAT0000076","hsa-miR-21-5p","GO:0001819"
"196","MIMAT0000076","hsa-miR-21-5p","GO:0010629"
"197","MIMAT0000076","hsa-miR-21-5p","GO:0030511"
"198","MIMAT0000076","hsa-miR-21-5p","GO:0032695"
"199","MIMAT0000076","hsa-miR-21-5p","GO:0050729"
"200","MIMAT0000076","hsa-miR-21-5p","GO:1900748"
"201","MIMAT0000076","hsa-miR-21-5p","GO:1903589"
"202","MIMAT0000076","hsa-miR-21-5p","GO:1990009"
"203","MIMAT0000076","hsa-miR-21-5p","GO:0003730"
"204","MIMAT0000076","hsa-miR-21-5p","GO:1903231"
"205","MIMAT0000076","hsa-miR-21-5p","GO:0001934"
"206","MIMAT0000076","hsa-miR-21-5p","GO:0001937"
"207","MIMAT0000076","hsa-miR-21-5p","GO:0001960"
"208","MIMAT0000076","hsa-miR-21-5p","GO:0007179"
"209","MIMAT0000076","hsa-miR-21-5p","GO:0007566"
"210","MIMAT0000076","hsa-miR-21-5p","GO:0008284"
"211","MIMAT0000076","hsa-miR-21-5p","GO:0008285"
"212","MIMAT0000076","hsa-miR-21-5p","GO:0008360"
"213","MIMAT0000076","hsa-miR-21-5p","GO:0010596"
"214","MIMAT0000076","hsa-miR-21-5p","GO:0010613"
"215","MIMAT0000076","hsa-miR-21-5p","GO:0010614"
"216","MIMAT0000076","hsa-miR-21-5p","GO:0010628"
"217","MIMAT0000076","hsa-miR-21-5p","GO:0010667"
"218","MIMAT0000076","hsa-miR-21-5p","GO:0010718"
"219","MIMAT0004496","hsa-miR-23a-5p","GO:1903561"
"220","MIMAT0004497","hsa-miR-24-2-5p","GO:0005615"
"221","MIMAT0004498","hsa-miR-25-5p","GO:1903231"
"222","MIMAT0004498","hsa-miR-25-5p","GO:0035195"
"223","MIMAT0004498","hsa-miR-25-5p","GO:0005615"
"224","MIMAT0000082","hsa-miR-26a-5p","GO:0032715"
"225","MIMAT0000082","hsa-miR-26a-5p","GO:1903231"
"226","MIMAT0000082","hsa-miR-26a-5p","GO:0007179"
"227","MIMAT0000082","hsa-miR-26a-5p","GO:0008285"
"228","MIMAT0000082","hsa-miR-26a-5p","GO:0010459"
"229","MIMAT0000082","hsa-miR-26a-5p","GO:0030336"
"230","MIMAT0000082","hsa-miR-26a-5p","GO:0030514"
"231","MIMAT0000082","hsa-miR-26a-5p","GO:0032286"
"232","MIMAT0000082","hsa-miR-26a-5p","GO:0032700"
"233","MIMAT0000082","hsa-miR-26a-5p","GO:0035195"
"234","MIMAT0000082","hsa-miR-26a-5p","GO:0038084"
"235","MIMAT0000082","hsa-miR-26a-5p","GO:0043409"
"236","MIMAT0000082","hsa-miR-26a-5p","GO:0043433"
"237","MIMAT0000082","hsa-miR-26a-5p","GO:0051001"
"238","MIMAT0000082","hsa-miR-26a-5p","GO:0060371"
"239","MIMAT0000082","hsa-miR-26a-5p","GO:0070104"
"240","MIMAT0000082","hsa-miR-26a-5p","GO:0090051"
"241","MIMAT0000082","hsa-miR-26a-5p","GO:0090370"
"242","MIMAT0000082","hsa-miR-26a-5p","GO:0150079"
"243","MIMAT0000082","hsa-miR-26a-5p","GO:1900016"
"244","MIMAT0000082","hsa-miR-26a-5p","GO:1902807"
"245","MIMAT0000082","hsa-miR-26a-5p","GO:1903588"
"246","MIMAT0000082","hsa-miR-26a-5p","GO:1903609"
"247","MIMAT0000082","hsa-miR-26a-5p","GO:1904707"
"248","MIMAT0000082","hsa-miR-26a-5p","GO:1904754"
"249","MIMAT0000082","hsa-miR-26a-5p","GO:1905064"
"250","MIMAT0000082","hsa-miR-26a-5p","GO:2000134"
"251","MIMAT0000082","hsa-miR-26a-5p","GO:0005615"
"252","MIMAT0000082","hsa-miR-26a-5p","GO:1903561"
"253","MIMAT0000083","hsa-miR-26b-5p","GO:0032682"
"254","MIMAT0000083","hsa-miR-26b-5p","GO:0032688"
"255","MIMAT0000083","hsa-miR-26b-5p","GO:0051607"
"256","MIMAT0000083","hsa-miR-26b-5p","GO:1903231"
"257","MIMAT0000083","hsa-miR-26b-5p","GO:0035195"
"258","MIMAT0000083","hsa-miR-26b-5p","GO:0045787"
"259","MIMAT0000083","hsa-miR-26b-5p","GO:0050687"
"260","MIMAT0000083","hsa-miR-26b-5p","GO:0071902"
"261","MIMAT0000083","hsa-miR-26b-5p","GO:1902949"
"262","MIMAT0000083","hsa-miR-26b-5p","GO:2001235"
"263","MIMAT0000083","hsa-miR-26b-5p","GO:0005615"
"264","MIMAT0000083","hsa-miR-26b-5p","GO:1903561"
"265","MIMAT0004501","hsa-miR-27a-5p","GO:0010629"
"266","MIMAT0004501","hsa-miR-27a-5p","GO:0032088"
"267","MIMAT0004501","hsa-miR-27a-5p","GO:1903231"
"268","MIMAT0004501","hsa-miR-27a-5p","GO:0035195"
"269","MIMAT0004501","hsa-miR-27a-5p","GO:0035278"
"270","MIMAT0004501","hsa-miR-27a-5p","GO:0071560"
"271","MIMAT0004501","hsa-miR-27a-5p","GO:2000660"
"272","MIMAT0000085","hsa-miR-28-5p","GO:0003730"
"273","MIMAT0000085","hsa-miR-28-5p","GO:1903231"
"274","MIMAT0000085","hsa-miR-28-5p","GO:0035195"
"275","MIMAT0000085","hsa-miR-28-5p","GO:0035278"
"276","MIMAT0000085","hsa-miR-28-5p","GO:0150159"
"277","MIMAT0000085","hsa-miR-28-5p","GO:0005615"
"278","MIMAT0000087","hsa-miR-30a-5p","GO:1903231"
"279","MIMAT0000087","hsa-miR-30a-5p","GO:0035195"
"280","MIMAT0000087","hsa-miR-30a-5p","GO:0005615"
"281","MIMAT0000087","hsa-miR-30a-5p","GO:1903561"
"282","MIMAT0000089","hsa-miR-31-5p","GO:1905907"
"283","MIMAT0000089","hsa-miR-31-5p","GO:0003730"
"284","MIMAT0000089","hsa-miR-31-5p","GO:0005515"
"285","MIMAT0000089","hsa-miR-31-5p","GO:1903231"
"286","MIMAT0000089","hsa-miR-31-5p","GO:1990715"
"287","MIMAT0000089","hsa-miR-31-5p","GO:0035195"
"288","MIMAT0000089","hsa-miR-31-5p","GO:0035278"
"289","MIMAT0000089","hsa-miR-31-5p","GO:0042985"
"290","MIMAT0000089","hsa-miR-31-5p","GO:0043536"
"291","MIMAT0000089","hsa-miR-31-5p","GO:0045766"
"292","MIMAT0000089","hsa-miR-31-5p","GO:0050728"
"293","MIMAT0000089","hsa-miR-31-5p","GO:0071356"
"294","MIMAT0000089","hsa-miR-31-5p","GO:0090050"
"295","MIMAT0000089","hsa-miR-31-5p","GO:0150159"
"296","MIMAT0000089","hsa-miR-31-5p","GO:1903672"
"297","MIMAT0000089","hsa-miR-31-5p","GO:1904995"
"298","MIMAT0000089","hsa-miR-31-5p","GO:0005615"
"299","MIMAT0000089","hsa-miR-31-5p","GO:0016442"
"300","MIMAT0000089","hsa-miR-31-5p","GO:1990742"
"301","MIMAT0000091","hsa-miR-33a-5p","GO:1903231"
"302","MIMAT0000091","hsa-miR-33a-5p","GO:0010629"
"303","MIMAT0000091","hsa-miR-33a-5p","GO:0010983"
"304","MIMAT0000091","hsa-miR-33a-5p","GO:0035195"
"305","MIMAT0000091","hsa-miR-33a-5p","GO:0038027"
"306","MIMAT0000091","hsa-miR-33a-5p","GO:0042593"
"307","MIMAT0000091","hsa-miR-33a-5p","GO:0045717"
"308","MIMAT0000091","hsa-miR-33a-5p","GO:0070328"
"309","MIMAT0000091","hsa-miR-33a-5p","GO:0070858"
"310","MIMAT0000091","hsa-miR-33a-5p","GO:0090370"
"311","MIMAT0000091","hsa-miR-33a-5p","GO:0120190"
"312","MIMAT0000091","hsa-miR-33a-5p","GO:1903063"
"313","MIMAT0004507","hsa-miR-92a-1-5p","GO:1903231"
"314","MIMAT0004507","hsa-miR-92a-1-5p","GO:0035195"
"315","MIMAT0004507","hsa-miR-92a-1-5p","GO:0045944"
"316","MIMAT0004507","hsa-miR-92a-1-5p","GO:0097533"
"317","MIMAT0004507","hsa-miR-92a-1-5p","GO:0005737"
"318","MIMAT0000093","hsa-miR-93-5p","GO:0008285"
"319","MIMAT0000093","hsa-miR-93-5p","GO:0010629"
"320","MIMAT0000093","hsa-miR-93-5p","GO:0030336"
"321","MIMAT0000093","hsa-miR-93-5p","GO:0032717"
"322","MIMAT0000093","hsa-miR-93-5p","GO:0050709"
"323","MIMAT0000093","hsa-miR-93-5p","GO:0003730"
"324","MIMAT0000093","hsa-miR-93-5p","GO:1903231"
"325","MIMAT0000093","hsa-miR-93-5p","GO:0035195"
"326","MIMAT0000093","hsa-miR-93-5p","GO:1900016"
"327","MIMAT0000093","hsa-miR-93-5p","GO:1904046"
"328","MIMAT0000093","hsa-miR-93-5p","GO:0005615"
"329","MIMAT0000093","hsa-miR-93-5p","GO:1903561"
"330","MIMAT0000095","hsa-miR-96-5p","GO:1903231"
"331","MIMAT0000095","hsa-miR-96-5p","GO:0035195"
"332","MIMAT0000095","hsa-miR-96-5p","GO:0035278"
"333","MIMAT0000095","hsa-miR-96-5p","GO:0045542"
"334","MIMAT0000095","hsa-miR-96-5p","GO:0045723"
"335","MIMAT0000095","hsa-miR-96-5p","GO:0071397"
"336","MIMAT0000095","hsa-miR-96-5p","GO:1904706"
"337","MIMAT0000096","hsa-miR-98-5p","GO:0008285"
"338","MIMAT0000096","hsa-miR-98-5p","GO:0010629"
"339","MIMAT0000096","hsa-miR-98-5p","GO:0032691"
"340","MIMAT0000096","hsa-miR-98-5p","GO:0032693"
"341","MIMAT0000096","hsa-miR-98-5p","GO:0032717"
"342","MIMAT0000096","hsa-miR-98-5p","GO:0032720"
"343","MIMAT0000096","hsa-miR-98-5p","GO:0042532"
"344","MIMAT0000096","hsa-miR-98-5p","GO:0070102"
"345","MIMAT0000096","hsa-miR-98-5p","GO:1900016"
"346","MIMAT0000096","hsa-miR-98-5p","GO:0003730"
"347","MIMAT0000096","hsa-miR-98-5p","GO:1903231"
"348","MIMAT0000096","hsa-miR-98-5p","GO:0010716"
"349","MIMAT0000096","hsa-miR-98-5p","GO:0032715"
"350","MIMAT0000096","hsa-miR-98-5p","GO:0035195"
"351","MIMAT0000096","hsa-miR-98-5p","GO:0035278"
"352","MIMAT0000096","hsa-miR-98-5p","GO:0043525"
"353","MIMAT0000096","hsa-miR-98-5p","GO:0070104"
"354","MIMAT0000096","hsa-miR-98-5p","GO:1900015"
"355","MIMAT0000096","hsa-miR-98-5p","GO:1904646"
"356","MIMAT0000096","hsa-miR-98-5p","GO:1905563"
"357","MIMAT0000096","hsa-miR-98-5p","GO:0005615"
"358","MIMAT0000097","hsa-miR-99a-5p","GO:1903231"
"359","MIMAT0000097","hsa-miR-99a-5p","GO:0035195"
"360","MIMAT0000097","hsa-miR-99a-5p","GO:0070104"
"361","MIMAT0000097","hsa-miR-99a-5p","GO:1904893"
"362","MIMAT0000097","hsa-miR-99a-5p","GO:0005615"
"363","MIMAT0000097","hsa-miR-99a-5p","GO:1903561"
"364","MIMAT0000098","hsa-miR-100-5p","GO:1905064"
"365","MIMAT0000098","hsa-miR-100-5p","GO:0005615"
"366","MIMAT0000098","hsa-miR-100-5p","GO:1903561"
"367","MIMAT0000102","hsa-miR-105-5p","GO:0002862"
"368","MIMAT0000102","hsa-miR-105-5p","GO:0032715"
"369","MIMAT0000102","hsa-miR-105-5p","GO:0032720"
"370","MIMAT0000102","hsa-miR-105-5p","GO:1903347"
"371","MIMAT0000102","hsa-miR-105-5p","GO:0003730"
"372","MIMAT0000102","hsa-miR-105-5p","GO:1903231"
"373","MIMAT0000102","hsa-miR-105-5p","GO:0009617"
"374","MIMAT0000102","hsa-miR-105-5p","GO:0035195"
"375","MIMAT0000102","hsa-miR-105-5p","GO:0071726"
"376","MIMAT0000103","hsa-miR-106a-5p","GO:0032693"
"377","MIMAT0000103","hsa-miR-106a-5p","GO:0032717"
"378","MIMAT0000103","hsa-miR-106a-5p","GO:0003730"
"379","MIMAT0000103","hsa-miR-106a-5p","GO:1903231"
"380","MIMAT0000103","hsa-miR-106a-5p","GO:0035195"
"381","MIMAT0000103","hsa-miR-106a-5p","GO:0035278"
"382","MIMAT0000103","hsa-miR-106a-5p","GO:0042985"
"383","MIMAT0000103","hsa-miR-106a-5p","GO:1904046"
"384","MIMAT0000103","hsa-miR-106a-5p","GO:0005615"
"385","MIMAT0000103","hsa-miR-106a-5p","GO:1903561"
"386","MIMAT0000104","hsa-miR-107","GO:1903231"
"387","MIMAT0000104","hsa-miR-107","GO:0032869"
"388","MIMAT0000104","hsa-miR-107","GO:0035195"
"389","MIMAT0000104","hsa-miR-107","GO:0035278"
"390","MIMAT0000104","hsa-miR-107","GO:0045599"
"391","MIMAT0000104","hsa-miR-107","GO:0045722"
"392","MIMAT0000104","hsa-miR-107","GO:0046325"
"393","MIMAT0000104","hsa-miR-107","GO:0046627"
"394","MIMAT0000104","hsa-miR-107","GO:0060545"
"395","MIMAT0000104","hsa-miR-107","GO:0070301"
"396","MIMAT0000104","hsa-miR-107","GO:1902992"
"397","MIMAT0000104","hsa-miR-107","GO:1904046"
"398","MIMAT0000104","hsa-miR-107","GO:0005615"
"399","MIMAT0000104","hsa-miR-107","GO:0043025"
"400","MIMAT0000104","hsa-miR-107","GO:1903561"
"401","MIMAT0000222","hsa-miR-192-5p","GO:0003730"
"402","MIMAT0000222","hsa-miR-192-5p","GO:1903231"
"403","MIMAT0000222","hsa-miR-192-5p","GO:0001953"
"404","MIMAT0000222","hsa-miR-192-5p","GO:0032705"
"405","MIMAT0000222","hsa-miR-192-5p","GO:0035195"
"406","MIMAT0000222","hsa-miR-192-5p","GO:1905151"
"407","MIMAT0000222","hsa-miR-192-5p","GO:0005615"
"408","MIMAT0000222","hsa-miR-192-5p","GO:1903561"
"409","MIMAT0000226","hsa-miR-196a-5p","GO:1903231"
"410","MIMAT0000226","hsa-miR-196a-5p","GO:0010593"
"411","MIMAT0000226","hsa-miR-196a-5p","GO:0035195"
"412","MIMAT0000226","hsa-miR-196a-5p","GO:0035924"
"413","MIMAT0000226","hsa-miR-196a-5p","GO:0090051"
"414","MIMAT0022691","hsa-miR-197-5p","GO:0070062"
"415","MIMAT0000231","hsa-miR-199a-5p","GO:0045765"
"416","MIMAT0000231","hsa-miR-199a-5p","GO:0060043"
"417","MIMAT0000231","hsa-miR-199a-5p","GO:1905203"
"418","MIMAT0000231","hsa-miR-199a-5p","GO:1903231"
"419","MIMAT0000231","hsa-miR-199a-5p","GO:0002091"
"420","MIMAT0000231","hsa-miR-199a-5p","GO:0007204"
"421","MIMAT0000231","hsa-miR-199a-5p","GO:0010507"
"422","MIMAT0000231","hsa-miR-199a-5p","GO:0010595"
"423","MIMAT0000231","hsa-miR-199a-5p","GO:0010989"
"424","MIMAT0000231","hsa-miR-199a-5p","GO:0032008"
"425","MIMAT0000231","hsa-miR-199a-5p","GO:0035195"
"426","MIMAT0000231","hsa-miR-199a-5p","GO:0045019"
"427","MIMAT0000231","hsa-miR-199a-5p","GO:0045766"
"428","MIMAT0000231","hsa-miR-199a-5p","GO:0060044"
"429","MIMAT0000231","hsa-miR-199a-5p","GO:0061049"
"430","MIMAT0000231","hsa-miR-199a-5p","GO:0061051"
"431","MIMAT0000231","hsa-miR-199a-5p","GO:0061052"
"432","MIMAT0000231","hsa-miR-199a-5p","GO:0061766"
"433","MIMAT0000231","hsa-miR-199a-5p","GO:1903244"
"434","MIMAT0000231","hsa-miR-199a-5p","GO:1905205"
"435","MIMAT0000231","hsa-miR-199a-5p","GO:0005615"
"436","MIMAT0000242","hsa-miR-129-5p","GO:0032717"
"437","MIMAT0000242","hsa-miR-129-5p","GO:1903231"
"438","MIMAT0000242","hsa-miR-129-5p","GO:0035195"
"439","MIMAT0000242","hsa-miR-129-5p","GO:0043537"
"440","MIMAT0000242","hsa-miR-129-5p","GO:1900016"
"441","MIMAT0000242","hsa-miR-129-5p","GO:1905563"
"442","MIMAT0000244","hsa-miR-30c-5p","GO:0010868"
"443","MIMAT0000244","hsa-miR-30c-5p","GO:0045541"
"444","MIMAT0000244","hsa-miR-30c-5p","GO:0045717"
"445","MIMAT0000244","hsa-miR-30c-5p","GO:0050709"
"446","MIMAT0000244","hsa-miR-30c-5p","GO:0071072"
"447","MIMAT0000244","hsa-miR-30c-5p","GO:0110114"
"448","MIMAT0000244","hsa-miR-30c-5p","GO:1903671"
"449","MIMAT0000244","hsa-miR-30c-5p","GO:1903901"
"450","MIMAT0000244","hsa-miR-30c-5p","GO:1905884"
"451","MIMAT0000244","hsa-miR-30c-5p","GO:0008035"
"452","MIMAT0000244","hsa-miR-30c-5p","GO:1903231"
"453","MIMAT0000244","hsa-miR-30c-5p","GO:0035195"
"454","MIMAT0000244","hsa-miR-30c-5p","GO:0042632"
"455","MIMAT0000244","hsa-miR-30c-5p","GO:0098586"
"456","MIMAT0000244","hsa-miR-30c-5p","GO:0005615"
"457","MIMAT0000244","hsa-miR-30c-5p","GO:0070062"
"458","MIMAT0000244","hsa-miR-30c-5p","GO:1903561"
"459","MIMAT0000245","hsa-miR-30d-5p","GO:0005615"
"460","MIMAT0000245","hsa-miR-30d-5p","GO:0070062"
"461","MIMAT0000245","hsa-miR-30d-5p","GO:1903561"
"462","MIMAT0000250","hsa-miR-139-5p","GO:0000993"
"463","MIMAT0000250","hsa-miR-139-5p","GO:0003730"
"464","MIMAT0000250","hsa-miR-139-5p","GO:1903231"
"465","MIMAT0000250","hsa-miR-139-5p","GO:0035195"
"466","MIMAT0000250","hsa-miR-139-5p","GO:0005615"
"467","MIMAT0000252","hsa-miR-7-5p","GO:1903231"
"468","MIMAT0000252","hsa-miR-7-5p","GO:0035195"
"469","MIMAT0000252","hsa-miR-7-5p","GO:1903671"
"470","MIMAT0000252","hsa-miR-7-5p","GO:0005615"
"471","MIMAT0000253","hsa-miR-10a-5p","GO:1903231"
"472","MIMAT0000253","hsa-miR-10a-5p","GO:0030949"
"473","MIMAT0000253","hsa-miR-10a-5p","GO:0035195"
"474","MIMAT0000253","hsa-miR-10a-5p","GO:0090050"
"475","MIMAT0000253","hsa-miR-10a-5p","GO:0110023"
"476","MIMAT0000253","hsa-miR-10a-5p","GO:1902807"
"477","MIMAT0000253","hsa-miR-10a-5p","GO:1903589"
"478","MIMAT0000253","hsa-miR-10a-5p","GO:0005615"
"479","MIMAT0000254","hsa-miR-10b-5p","GO:0010884"
"480","MIMAT0000254","hsa-miR-10b-5p","GO:0003730"
"481","MIMAT0000254","hsa-miR-10b-5p","GO:1903231"
"482","MIMAT0000254","hsa-miR-10b-5p","GO:0030949"
"483","MIMAT0000254","hsa-miR-10b-5p","GO:0035195"
"484","MIMAT0000254","hsa-miR-10b-5p","GO:0035278"
"485","MIMAT0000254","hsa-miR-10b-5p","GO:0090050"
"486","MIMAT0000254","hsa-miR-10b-5p","GO:1903589"
"487","MIMAT0000254","hsa-miR-10b-5p","GO:0005615"
"488","MIMAT0000254","hsa-miR-10b-5p","GO:0070062"
"489","MIMAT0000255","hsa-miR-34a-5p","GO:0010884"
"490","MIMAT0000255","hsa-miR-34a-5p","GO:0071901"
"491","MIMAT0000255","hsa-miR-34a-5p","GO:0010629"
"492","MIMAT0000255","hsa-miR-34a-5p","GO:0003730"
"493","MIMAT0000255","hsa-miR-34a-5p","GO:1903231"
"494","MIMAT0000255","hsa-miR-34a-5p","GO:0006974"
"495","MIMAT0000255","hsa-miR-34a-5p","GO:0010628"
"496","MIMAT0000255","hsa-miR-34a-5p","GO:0010666"
"497","MIMAT0000255","hsa-miR-34a-5p","GO:0010942"
"498","MIMAT0000255","hsa-miR-34a-5p","GO:0016525"
"499","MIMAT0000255","hsa-miR-34a-5p","GO:0030336"
"500","MIMAT0000255","hsa-miR-34a-5p","GO:0033209"
"501","MIMAT0000255","hsa-miR-34a-5p","GO:0035195"
"502","MIMAT0000255","hsa-miR-34a-5p","GO:0035359"
"503","MIMAT0000255","hsa-miR-34a-5p","GO:0042632"
"504","MIMAT0000255","hsa-miR-34a-5p","GO:0048678"
"505","MIMAT0000255","hsa-miR-34a-5p","GO:0050859"
"506","MIMAT0000255","hsa-miR-34a-5p","GO:0051152"
"507","MIMAT0000255","hsa-miR-34a-5p","GO:0051898"
"508","MIMAT0000255","hsa-miR-34a-5p","GO:0061044"
"509","MIMAT0000255","hsa-miR-34a-5p","GO:0070328"
"510","MIMAT0000255","hsa-miR-34a-5p","GO:0071158"
"511","MIMAT0000255","hsa-miR-34a-5p","GO:0071456"
"512","MIMAT0000255","hsa-miR-34a-5p","GO:0071672"
"513","MIMAT0000255","hsa-miR-34a-5p","GO:0090281"
"514","MIMAT0000255","hsa-miR-34a-5p","GO:0110058"
"515","MIMAT0000255","hsa-miR-34a-5p","GO:0110114"
"516","MIMAT0000255","hsa-miR-34a-5p","GO:1900222"
"517","MIMAT0000255","hsa-miR-34a-5p","GO:1901985"
"518","MIMAT0000255","hsa-miR-34a-5p","GO:1902532"
"519","MIMAT0000255","hsa-miR-34a-5p","GO:1903671"
"520","MIMAT0000255","hsa-miR-34a-5p","GO:1904046"
"521","MIMAT0000255","hsa-miR-34a-5p","GO:1904706"
"522","MIMAT0000255","hsa-miR-34a-5p","GO:1904753"
"523","MIMAT0000255","hsa-miR-34a-5p","GO:1905205"
"524","MIMAT0000255","hsa-miR-34a-5p","GO:1905206"
"525","MIMAT0000255","hsa-miR-34a-5p","GO:2000774"
"526","MIMAT0000255","hsa-miR-34a-5p","GO:0070062"
"527","MIMAT0000255","hsa-miR-34a-5p","GO:1903561"
"528","MIMAT0000256","hsa-miR-181a-5p","GO:0003730"
"529","MIMAT0000256","hsa-miR-181a-5p","GO:1903231"
"530","MIMAT0000256","hsa-miR-181a-5p","GO:0010629"
"531","MIMAT0000256","hsa-miR-181a-5p","GO:0030335"
"532","MIMAT0000256","hsa-miR-181a-5p","GO:0032690"
"533","MIMAT0000256","hsa-miR-181a-5p","GO:0032691"
"534","MIMAT0000256","hsa-miR-181a-5p","GO:0032715"
"535","MIMAT0000256","hsa-miR-181a-5p","GO:0032717"
"536","MIMAT0000256","hsa-miR-181a-5p","GO:0032720"
"537","MIMAT0000256","hsa-miR-181a-5p","GO:0035195"
"538","MIMAT0000256","hsa-miR-181a-5p","GO:0035278"
"539","MIMAT0000256","hsa-miR-181a-5p","GO:0045429"
"540","MIMAT0000256","hsa-miR-181a-5p","GO:0045598"
"541","MIMAT0000256","hsa-miR-181a-5p","GO:0045603"
"542","MIMAT0000256","hsa-miR-181a-5p","GO:0050728"
"543","MIMAT0000256","hsa-miR-181a-5p","GO:1900745"
"544","MIMAT0000256","hsa-miR-181a-5p","GO:1903427"
"545","MIMAT0000256","hsa-miR-181a-5p","GO:0005615"
"546","MIMAT0000256","hsa-miR-181a-5p","GO:0045177"
"547","MIMAT0000257","hsa-miR-181b-5p","GO:0010839"
"548","MIMAT0000257","hsa-miR-181b-5p","GO:0034144"
"549","MIMAT0000257","hsa-miR-181b-5p","GO:1903231"
"550","MIMAT0000257","hsa-miR-181b-5p","GO:0009968"
"551","MIMAT0000257","hsa-miR-181b-5p","GO:0010917"
"552","MIMAT0000257","hsa-miR-181b-5p","GO:0030335"
"553","MIMAT0000257","hsa-miR-181b-5p","GO:0035195"
"554","MIMAT0000257","hsa-miR-181b-5p","GO:0035278"
"555","MIMAT0000257","hsa-miR-181b-5p","GO:0045429"
"556","MIMAT0000257","hsa-miR-181b-5p","GO:0045603"
"557","MIMAT0000257","hsa-miR-181b-5p","GO:0045766"
"558","MIMAT0000257","hsa-miR-181b-5p","GO:0045824"
"559","MIMAT0000257","hsa-miR-181b-5p","GO:0050728"
"560","MIMAT0000257","hsa-miR-181b-5p","GO:0050729"
"561","MIMAT0000257","hsa-miR-181b-5p","GO:0050765"
"562","MIMAT0000257","hsa-miR-181b-5p","GO:0061889"
"563","MIMAT0000257","hsa-miR-181b-5p","GO:0071356"
"564","MIMAT0000257","hsa-miR-181b-5p","GO:0110015"
"565","MIMAT0000257","hsa-miR-181b-5p","GO:0120041"
"566","MIMAT0000257","hsa-miR-181b-5p","GO:1900425"
"567","MIMAT0000257","hsa-miR-181b-5p","GO:1900745"
"568","MIMAT0000257","hsa-miR-181b-5p","GO:2000271"
"569","MIMAT0000257","hsa-miR-181b-5p","GO:0005615"
"570","MIMAT0000258","hsa-miR-181c-5p","GO:0032700"
"571","MIMAT0000258","hsa-miR-181c-5p","GO:0032703"
"572","MIMAT0000258","hsa-miR-181c-5p","GO:0032716"
"573","MIMAT0000258","hsa-miR-181c-5p","GO:0046007"
"574","MIMAT0000258","hsa-miR-181c-5p","GO:0050868"
"575","MIMAT0000258","hsa-miR-181c-5p","GO:0003727"
"576","MIMAT0000258","hsa-miR-181c-5p","GO:1903231"
"577","MIMAT0000258","hsa-miR-181c-5p","GO:0001774"
"578","MIMAT0000258","hsa-miR-181c-5p","GO:0031047"
"579","MIMAT0000258","hsa-miR-181c-5p","GO:0032690"
"580","MIMAT0000258","hsa-miR-181c-5p","GO:0035195"
"581","MIMAT0000258","hsa-miR-181c-5p","GO:0035278"
"582","MIMAT0000258","hsa-miR-181c-5p","GO:0043524"
"583","MIMAT0000258","hsa-miR-181c-5p","GO:0050728"
"584","MIMAT0000258","hsa-miR-181c-5p","GO:0061889"
"585","MIMAT0000258","hsa-miR-181c-5p","GO:1901646"
"586","MIMAT0000258","hsa-miR-181c-5p","GO:0005615"
"587","MIMAT0000259","hsa-miR-182-5p","GO:1903231"
"588","MIMAT0000259","hsa-miR-182-5p","GO:0001819"
"589","MIMAT0000259","hsa-miR-182-5p","GO:0010628"
"590","MIMAT0000259","hsa-miR-182-5p","GO:0030335"
"591","MIMAT0000259","hsa-miR-182-5p","GO:0035195"
"592","MIMAT0000259","hsa-miR-182-5p","GO:0035278"
"593","MIMAT0000259","hsa-miR-182-5p","GO:0042632"
"594","MIMAT0000259","hsa-miR-182-5p","GO:0045542"
"595","MIMAT0000259","hsa-miR-182-5p","GO:0045723"
"596","MIMAT0000259","hsa-miR-182-5p","GO:0051006"
"597","MIMAT0000259","hsa-miR-182-5p","GO:0071397"
"598","MIMAT0000259","hsa-miR-182-5p","GO:1901224"
"599","MIMAT0000259","hsa-miR-182-5p","GO:1901726"
"600","MIMAT0000259","hsa-miR-182-5p","GO:1904036"
"601","MIMAT0000259","hsa-miR-182-5p","GO:1904706"
"602","MIMAT0000259","hsa-miR-182-5p","GO:1904753"
"603","MIMAT0000259","hsa-miR-182-5p","GO:1905175"
"604","MIMAT0000259","hsa-miR-182-5p","GO:0005615"
"605","MIMAT0000261","hsa-miR-183-5p","GO:0010812"
"606","MIMAT0000261","hsa-miR-183-5p","GO:0010629"
"607","MIMAT0000261","hsa-miR-183-5p","GO:0050766"
"608","MIMAT0000261","hsa-miR-183-5p","GO:0003730"
"609","MIMAT0000261","hsa-miR-183-5p","GO:1903231"
"610","MIMAT0000261","hsa-miR-183-5p","GO:0007179"
"611","MIMAT0000261","hsa-miR-183-5p","GO:0035195"
"612","MIMAT0000261","hsa-miR-183-5p","GO:0005615"
"613","MIMAT0000263","hsa-miR-199b-5p","GO:0045765"
"614","MIMAT0000263","hsa-miR-199b-5p","GO:1905203"
"615","MIMAT0000263","hsa-miR-199b-5p","GO:1903231"
"616","MIMAT0000263","hsa-miR-199b-5p","GO:0035195"
"617","MIMAT0000263","hsa-miR-199b-5p","GO:0045603"
"618","MIMAT0000263","hsa-miR-199b-5p","GO:0045766"
"619","MIMAT0000263","hsa-miR-199b-5p","GO:0050714"
"620","MIMAT0000263","hsa-miR-199b-5p","GO:0051151"
"621","MIMAT0000263","hsa-miR-199b-5p","GO:0060044"
"622","MIMAT0000263","hsa-miR-199b-5p","GO:0061052"
"623","MIMAT0000263","hsa-miR-199b-5p","GO:1900239"
"624","MIMAT0000263","hsa-miR-199b-5p","GO:0005615"
"625","MIMAT0000265","hsa-miR-204-5p","GO:0032715"
"626","MIMAT0000265","hsa-miR-204-5p","GO:0032717"
"627","MIMAT0000265","hsa-miR-204-5p","GO:0032720"
"628","MIMAT0000265","hsa-miR-204-5p","GO:1901223"
"629","MIMAT0000265","hsa-miR-204-5p","GO:1903231"
"630","MIMAT0000265","hsa-miR-204-5p","GO:0008285"
"631","MIMAT0000265","hsa-miR-204-5p","GO:0030336"
"632","MIMAT0000265","hsa-miR-204-5p","GO:0031393"
"633","MIMAT0000265","hsa-miR-204-5p","GO:0032691"
"634","MIMAT0000265","hsa-miR-204-5p","GO:0035195"
"635","MIMAT0000265","hsa-miR-204-5p","GO:0035278"
"636","MIMAT0000265","hsa-miR-204-5p","GO:0043065"
"637","MIMAT0000265","hsa-miR-204-5p","GO:0043537"
"638","MIMAT0000265","hsa-miR-204-5p","GO:0050728"
"639","MIMAT0000265","hsa-miR-204-5p","GO:0060045"
"640","MIMAT0000265","hsa-miR-204-5p","GO:0070555"
"641","MIMAT0000265","hsa-miR-204-5p","GO:0110023"
"642","MIMAT0000265","hsa-miR-204-5p","GO:2000727"
"643","MIMAT0000265","hsa-miR-204-5p","GO:0005615"
"644","MIMAT0000266","hsa-miR-205-5p","GO:0048261"
"645","MIMAT0000266","hsa-miR-205-5p","GO:0003730"
"646","MIMAT0000266","hsa-miR-205-5p","GO:1903231"
"647","MIMAT0000266","hsa-miR-205-5p","GO:0035195"
"648","MIMAT0000266","hsa-miR-205-5p","GO:0035278"
"649","MIMAT0000266","hsa-miR-205-5p","GO:0090272"
"650","MIMAT0000266","hsa-miR-205-5p","GO:1903847"
"651","MIMAT0000266","hsa-miR-205-5p","GO:1904046"
"652","MIMAT0000266","hsa-miR-205-5p","GO:1904685"
"653","MIMAT0000266","hsa-miR-205-5p","GO:0005615"
"654","MIMAT0026475","hsa-miR-210-5p","GO:1903231"
"655","MIMAT0026475","hsa-miR-210-5p","GO:0035195"
"656","MIMAT0004564","hsa-miR-214-5p","GO:1903243"
"657","MIMAT0004564","hsa-miR-214-5p","GO:1904707"
"658","MIMAT0000272","hsa-miR-215-5p","GO:1903231"
"659","MIMAT0000272","hsa-miR-215-5p","GO:0032705"
"660","MIMAT0000272","hsa-miR-215-5p","GO:0035195"
"661","MIMAT0000272","hsa-miR-215-5p","GO:0005615"
"662","MIMAT0000272","hsa-miR-215-5p","GO:1903561"
"663","MIMAT0000274","hsa-miR-217-5p","GO:1903231"
"664","MIMAT0000274","hsa-miR-217-5p","GO:0016525"
"665","MIMAT0000274","hsa-miR-217-5p","GO:0032715"
"666","MIMAT0000274","hsa-miR-217-5p","GO:0035195"
"667","MIMAT0000274","hsa-miR-217-5p","GO:1901985"
"668","MIMAT0000274","hsa-miR-217-5p","GO:2000774"
"669","MIMAT0000275","hsa-miR-218-5p","GO:1903231"
"670","MIMAT0000275","hsa-miR-218-5p","GO:0008285"
"671","MIMAT0000275","hsa-miR-218-5p","GO:0030336"
"672","MIMAT0000275","hsa-miR-218-5p","GO:0032966"
"673","MIMAT0000275","hsa-miR-218-5p","GO:0035195"
"674","MIMAT0000275","hsa-miR-218-5p","GO:0035278"
"675","MIMAT0000275","hsa-miR-218-5p","GO:0043407"
"676","MIMAT0000275","hsa-miR-218-5p","GO:1904753"
"677","MIMAT0000276","hsa-miR-219a-5p","GO:1903231"
"678","MIMAT0000276","hsa-miR-219a-5p","GO:0010977"
"679","MIMAT0000276","hsa-miR-219a-5p","GO:0035195"
"680","MIMAT0004568","hsa-miR-221-5p","GO:1903231"
"681","MIMAT0004568","hsa-miR-221-5p","GO:0035195"
"682","MIMAT0004568","hsa-miR-221-5p","GO:0005615"
"683","MIMAT0004570","hsa-miR-223-5p","GO:0050728"
"684","MIMAT0004570","hsa-miR-223-5p","GO:0060547"
"685","MIMAT0004570","hsa-miR-223-5p","GO:0005615"
"686","MIMAT0000281","hsa-miR-224-5p","GO:1903231"
"687","MIMAT0000281","hsa-miR-224-5p","GO:0035195"
"688","MIMAT0000281","hsa-miR-224-5p","GO:0005615"
"689","MIMAT0000414","hsa-let-7g-5p","GO:1903231"
"690","MIMAT0000414","hsa-let-7g-5p","GO:0030336"
"691","MIMAT0000414","hsa-let-7g-5p","GO:0030512"
"692","MIMAT0000414","hsa-let-7g-5p","GO:0035195"
"693","MIMAT0000414","hsa-let-7g-5p","GO:0045766"
"694","MIMAT0000414","hsa-let-7g-5p","GO:0050728"
"695","MIMAT0000414","hsa-let-7g-5p","GO:0060394"
"696","MIMAT0000414","hsa-let-7g-5p","GO:0071333"
"697","MIMAT0000414","hsa-let-7g-5p","GO:1904995"
"698","MIMAT0000414","hsa-let-7g-5p","GO:0005615"
"699","MIMAT0000415","hsa-let-7i-5p","GO:0000993"
"700","MIMAT0000415","hsa-let-7i-5p","GO:0003730"
"701","MIMAT0000415","hsa-let-7i-5p","GO:0098847"
"702","MIMAT0000415","hsa-let-7i-5p","GO:1903231"
"703","MIMAT0000415","hsa-let-7i-5p","GO:0010629"
"704","MIMAT0000415","hsa-let-7i-5p","GO:0035195"
"705","MIMAT0000415","hsa-let-7i-5p","GO:0035278"
"706","MIMAT0000415","hsa-let-7i-5p","GO:0042832"
"707","MIMAT0000415","hsa-let-7i-5p","GO:0045899"
"708","MIMAT0000415","hsa-let-7i-5p","GO:0045944"
"709","MIMAT0000415","hsa-let-7i-5p","GO:0005615"
"710","MIMAT0000415","hsa-let-7i-5p","GO:0005634"
"711","MIMAT0000415","hsa-let-7i-5p","GO:0005737"
"712","MIMAT0000415","hsa-let-7i-5p","GO:1903561"
"713","MIMAT0000416","hsa-miR-1-3p","GO:1903231"
"714","MIMAT0000416","hsa-miR-1-3p","GO:0001934"
"715","MIMAT0000416","hsa-miR-1-3p","GO:0010455"
"716","MIMAT0000416","hsa-miR-1-3p","GO:0010460"
"717","MIMAT0000416","hsa-miR-1-3p","GO:0010614"
"718","MIMAT0000416","hsa-miR-1-3p","GO:0010831"
"719","MIMAT0000416","hsa-miR-1-3p","GO:0010880"
"720","MIMAT0000416","hsa-miR-1-3p","GO:0010881"
"721","MIMAT0000416","hsa-miR-1-3p","GO:0035195"
"722","MIMAT0000416","hsa-miR-1-3p","GO:0035278"
"723","MIMAT0000416","hsa-miR-1-3p","GO:0040037"
"724","MIMAT0000416","hsa-miR-1-3p","GO:0043433"
"725","MIMAT0000416","hsa-miR-1-3p","GO:0043569"
"726","MIMAT0000416","hsa-miR-1-3p","GO:0045602"
"727","MIMAT0000416","hsa-miR-1-3p","GO:0060044"
"728","MIMAT0000416","hsa-miR-1-3p","GO:0060298"
"729","MIMAT0000416","hsa-miR-1-3p","GO:0060373"
"730","MIMAT0000416","hsa-miR-1-3p","GO:0060412"
"731","MIMAT0000416","hsa-miR-1-3p","GO:0060452"
"732","MIMAT0000416","hsa-miR-1-3p","GO:0060980"
"733","MIMAT0000416","hsa-miR-1-3p","GO:0086094"
"734","MIMAT0000416","hsa-miR-1-3p","GO:0090090"
"735","MIMAT0000416","hsa-miR-1-3p","GO:0090677"
"736","MIMAT0000416","hsa-miR-1-3p","GO:1902260"
"737","MIMAT0000416","hsa-miR-1-3p","GO:1903672"
"738","MIMAT0000416","hsa-miR-1-3p","GO:1903762"
"739","MIMAT0000416","hsa-miR-1-3p","GO:1903780"
"740","MIMAT0000416","hsa-miR-1-3p","GO:1904706"
"741","MIMAT0000416","hsa-miR-1-3p","GO:1904879"
"742","MIMAT0000416","hsa-miR-1-3p","GO:1905032"
"743","MIMAT0000416","hsa-miR-1-3p","GO:1905461"
"744","MIMAT0000416","hsa-miR-1-3p","GO:1905904"
"745","MIMAT0000416","hsa-miR-1-3p","GO:1905913"
"746","MIMAT0000416","hsa-miR-1-3p","GO:2000724"
"747","MIMAT0000416","hsa-miR-1-3p","GO:2000727"
"748","MIMAT0000416","hsa-miR-1-3p","GO:2000818"
"749","MIMAT0000416","hsa-miR-1-3p","GO:2001016"
"750","MIMAT0000416","hsa-miR-1-3p","GO:0005615"
"751","MIMAT0000417","hsa-miR-15b-5p","GO:0001569"
"752","MIMAT0000417","hsa-miR-15b-5p","GO:0043537"
"753","MIMAT0000417","hsa-miR-15b-5p","GO:0050728"
"754","MIMAT0000417","hsa-miR-15b-5p","GO:0061045"
"755","MIMAT0000417","hsa-miR-15b-5p","GO:1901223"
"756","MIMAT0000417","hsa-miR-15b-5p","GO:1902430"
"757","MIMAT0000417","hsa-miR-15b-5p","GO:1902992"
"758","MIMAT0000417","hsa-miR-15b-5p","GO:0003730"
"759","MIMAT0000417","hsa-miR-15b-5p","GO:1903231"
"760","MIMAT0000417","hsa-miR-15b-5p","GO:0003300"
"761","MIMAT0000417","hsa-miR-15b-5p","GO:0008285"
"762","MIMAT0000417","hsa-miR-15b-5p","GO:0016525"
"763","MIMAT0000417","hsa-miR-15b-5p","GO:0030512"
"764","MIMAT0000417","hsa-miR-15b-5p","GO:0035195"
"765","MIMAT0000417","hsa-miR-15b-5p","GO:0035278"
"766","MIMAT0000417","hsa-miR-15b-5p","GO:0043065"
"767","MIMAT0000417","hsa-miR-15b-5p","GO:0043124"
"768","MIMAT0000417","hsa-miR-15b-5p","GO:0043524"
"769","MIMAT0000417","hsa-miR-15b-5p","GO:0045727"
"770","MIMAT0000417","hsa-miR-15b-5p","GO:0045930"
"771","MIMAT0000417","hsa-miR-15b-5p","GO:1901164"
"772","MIMAT0000417","hsa-miR-15b-5p","GO:1903588"
"773","MIMAT0000417","hsa-miR-15b-5p","GO:1904046"
"774","MIMAT0000417","hsa-miR-15b-5p","GO:1905064"
"775","MIMAT0000417","hsa-miR-15b-5p","GO:1905205"
"776","MIMAT0000417","hsa-miR-15b-5p","GO:1905563"
"777","MIMAT0000417","hsa-miR-15b-5p","GO:2000134"
"778","MIMAT0000417","hsa-miR-15b-5p","GO:0005615"
"779","MIMAT0000417","hsa-miR-15b-5p","GO:1903561"
"780","MIMAT0004588","hsa-miR-27b-5p","GO:0010804"
"781","MIMAT0004588","hsa-miR-27b-5p","GO:0043280"
"782","MIMAT0004588","hsa-miR-27b-5p","GO:1901223"
"783","MIMAT0004588","hsa-miR-27b-5p","GO:1903720"
"784","MIMAT0004588","hsa-miR-27b-5p","GO:2001244"
"785","MIMAT0004588","hsa-miR-27b-5p","GO:1903231"
"786","MIMAT0004588","hsa-miR-27b-5p","GO:0032691"
"787","MIMAT0004588","hsa-miR-27b-5p","GO:0035195"
"788","MIMAT0000420","hsa-miR-30b-5p","GO:1903231"
"789","MIMAT0000420","hsa-miR-30b-5p","GO:0001934"
"790","MIMAT0000420","hsa-miR-30b-5p","GO:0010628"
"791","MIMAT0000420","hsa-miR-30b-5p","GO:0016525"
"792","MIMAT0000420","hsa-miR-30b-5p","GO:0030511"
"793","MIMAT0000420","hsa-miR-30b-5p","GO:0035195"
"794","MIMAT0000420","hsa-miR-30b-5p","GO:0042104"
"795","MIMAT0000420","hsa-miR-30b-5p","GO:0045590"
"796","MIMAT0000420","hsa-miR-30b-5p","GO:0061886"
"797","MIMAT0000420","hsa-miR-30b-5p","GO:1900272"
"798","MIMAT0000420","hsa-miR-30b-5p","GO:1902951"
"799","MIMAT0000420","hsa-miR-30b-5p","GO:1903672"
"800","MIMAT0000420","hsa-miR-30b-5p","GO:1905563"
"801","MIMAT0000420","hsa-miR-30b-5p","GO:2000352"
"802","MIMAT0000420","hsa-miR-30b-5p","GO:0005615"
"803","MIMAT0000420","hsa-miR-30b-5p","GO:1903561"
"804","MIMAT0000421","hsa-miR-122-5p","GO:0005615"
"805","MIMAT0000421","hsa-miR-122-5p","GO:0070062"
"806","MIMAT0000421","hsa-miR-122-5p","GO:1903561"
"807","MIMAT0000423","hsa-miR-125b-5p","GO:0010839"
"808","MIMAT0000423","hsa-miR-125b-5p","GO:0045618"
"809","MIMAT0000423","hsa-miR-125b-5p","GO:1903231"
"810","MIMAT0000423","hsa-miR-125b-5p","GO:0016525"
"811","MIMAT0000423","hsa-miR-125b-5p","GO:0032720"
"812","MIMAT0000423","hsa-miR-125b-5p","GO:0035195"
"813","MIMAT0000423","hsa-miR-125b-5p","GO:0035278"
"814","MIMAT0000423","hsa-miR-125b-5p","GO:0038061"
"815","MIMAT0000423","hsa-miR-125b-5p","GO:0045656"
"816","MIMAT0000423","hsa-miR-125b-5p","GO:0060252"
"817","MIMAT0000423","hsa-miR-125b-5p","GO:0070104"
"818","MIMAT0000423","hsa-miR-125b-5p","GO:0071305"
"819","MIMAT0000423","hsa-miR-125b-5p","GO:0071354"
"820","MIMAT0000423","hsa-miR-125b-5p","GO:1904893"
"821","MIMAT0000423","hsa-miR-125b-5p","GO:1905065"
"822","MIMAT0000423","hsa-miR-125b-5p","GO:0005615"
"823","MIMAT0000423","hsa-miR-125b-5p","GO:0070062"
"824","MIMAT0000423","hsa-miR-125b-5p","GO:1903561"
"825","MIMAT0004594","hsa-miR-132-5p","GO:1903231"
"826","MIMAT0004594","hsa-miR-132-5p","GO:0010575"
"827","MIMAT0004594","hsa-miR-132-5p","GO:0010628"
"828","MIMAT0004594","hsa-miR-132-5p","GO:0010629"
"829","MIMAT0004594","hsa-miR-132-5p","GO:0031393"
"830","MIMAT0004594","hsa-miR-132-5p","GO:0032691"
"831","MIMAT0004594","hsa-miR-132-5p","GO:0032715"
"832","MIMAT0004594","hsa-miR-132-5p","GO:0032717"
"833","MIMAT0004594","hsa-miR-132-5p","GO:0032720"
"834","MIMAT0004594","hsa-miR-132-5p","GO:0035195"
"835","MIMAT0004594","hsa-miR-132-5p","GO:0042632"
"836","MIMAT0004594","hsa-miR-132-5p","GO:0043537"
"837","MIMAT0004594","hsa-miR-132-5p","GO:0051771"
"838","MIMAT0004594","hsa-miR-132-5p","GO:0055089"
"839","MIMAT0004594","hsa-miR-132-5p","GO:1900408"
"840","MIMAT0004594","hsa-miR-132-5p","GO:1901223"
"841","MIMAT0004594","hsa-miR-132-5p","GO:1905563"
"842","MIMAT0004594","hsa-miR-132-5p","GO:2000353"
"843","MIMAT0004594","hsa-miR-132-5p","GO:2001243"
"844","MIMAT0000428","hsa-miR-135a-5p","GO:1903231"
"845","MIMAT0000428","hsa-miR-135a-5p","GO:0035195"
"846","MIMAT0000430","hsa-miR-138-5p","GO:1903231"
"847","MIMAT0000430","hsa-miR-138-5p","GO:0007162"
"848","MIMAT0000430","hsa-miR-138-5p","GO:0008285"
"849","MIMAT0000430","hsa-miR-138-5p","GO:0010629"
"850","MIMAT0000430","hsa-miR-138-5p","GO:0030336"
"851","MIMAT0000430","hsa-miR-138-5p","GO:0032088"
"852","MIMAT0000430","hsa-miR-138-5p","GO:0033689"
"853","MIMAT0000430","hsa-miR-138-5p","GO:0035195"
"854","MIMAT0000430","hsa-miR-138-5p","GO:0035278"
"855","MIMAT0000430","hsa-miR-138-5p","GO:0043553"
"856","MIMAT0000430","hsa-miR-138-5p","GO:0044854"
"857","MIMAT0000430","hsa-miR-138-5p","GO:0045668"
"858","MIMAT0000430","hsa-miR-138-5p","GO:0045944"
"859","MIMAT0000430","hsa-miR-138-5p","GO:0050728"
"860","MIMAT0000430","hsa-miR-138-5p","GO:0051001"
"861","MIMAT0000430","hsa-miR-138-5p","GO:0051497"
"862","MIMAT0000430","hsa-miR-138-5p","GO:0051897"
"863","MIMAT0000430","hsa-miR-138-5p","GO:0060761"
"864","MIMAT0000430","hsa-miR-138-5p","GO:1900045"
"865","MIMAT0000430","hsa-miR-138-5p","GO:1903671"
"866","MIMAT0000430","hsa-miR-138-5p","GO:1903753"
"867","MIMAT0000430","hsa-miR-138-5p","GO:1905460"
"868","MIMAT0000430","hsa-miR-138-5p","GO:2000134"
"869","MIMAT0000430","hsa-miR-138-5p","GO:0005634"
"870","MIMAT0000430","hsa-miR-138-5p","GO:0005737"
"871","MIMAT0000431","hsa-miR-140-5p","GO:0032088"
"872","MIMAT0000431","hsa-miR-140-5p","GO:0032715"
"873","MIMAT0000431","hsa-miR-140-5p","GO:0032720"
"874","MIMAT0000431","hsa-miR-140-5p","GO:1900016"
"875","MIMAT0000431","hsa-miR-140-5p","GO:0010628"
"876","MIMAT0000431","hsa-miR-140-5p","GO:0003730"
"877","MIMAT0000431","hsa-miR-140-5p","GO:1903231"
"878","MIMAT0000431","hsa-miR-140-5p","GO:0010629"
"879","MIMAT0000431","hsa-miR-140-5p","GO:0030513"
"880","MIMAT0000431","hsa-miR-140-5p","GO:0034144"
"881","MIMAT0000431","hsa-miR-140-5p","GO:0035195"
"882","MIMAT0000431","hsa-miR-140-5p","GO:0042742"
"883","MIMAT0000431","hsa-miR-140-5p","GO:0071222"
"884","MIMAT0000431","hsa-miR-140-5p","GO:0071456"
"885","MIMAT0000431","hsa-miR-140-5p","GO:1904046"
"886","MIMAT0000431","hsa-miR-140-5p","GO:1904646"
"887","MIMAT0000431","hsa-miR-140-5p","GO:1904706"
"888","MIMAT0000431","hsa-miR-140-5p","GO:1904753"
"889","MIMAT0000431","hsa-miR-140-5p","GO:1905461"
"890","MIMAT0000431","hsa-miR-140-5p","GO:1905932"
"891","MIMAT0000431","hsa-miR-140-5p","GO:0005615"
"892","MIMAT0000433","hsa-miR-142-5p","GO:1905710"
"893","MIMAT0000433","hsa-miR-142-5p","GO:0003730"
"894","MIMAT0000433","hsa-miR-142-5p","GO:1903231"
"895","MIMAT0000433","hsa-miR-142-5p","GO:0035195"
"896","MIMAT0000433","hsa-miR-142-5p","GO:1903347"
"897","MIMAT0000433","hsa-miR-142-5p","GO:0005615"
"898","MIMAT0004600","hsa-miR-144-5p","GO:0005615"
"899","MIMAT0000437","hsa-miR-145-5p","GO:0000993"
"900","MIMAT0000437","hsa-miR-145-5p","GO:0003730"
"901","MIMAT0000437","hsa-miR-145-5p","GO:1903231"
"902","MIMAT0000437","hsa-miR-145-5p","GO:0006940"
"903","MIMAT0000437","hsa-miR-145-5p","GO:0010614"
"904","MIMAT0000437","hsa-miR-145-5p","GO:0010667"
"905","MIMAT0000437","hsa-miR-145-5p","GO:0010668"
"906","MIMAT0000437","hsa-miR-145-5p","GO:0010763"
"907","MIMAT0000437","hsa-miR-145-5p","GO:0016525"
"908","MIMAT0000437","hsa-miR-145-5p","GO:0030036"
"909","MIMAT0000437","hsa-miR-145-5p","GO:0030336"
"910","MIMAT0000437","hsa-miR-145-5p","GO:0032965"
"911","MIMAT0000437","hsa-miR-145-5p","GO:0035195"
"912","MIMAT0000437","hsa-miR-145-5p","GO:0035278"
"913","MIMAT0000437","hsa-miR-145-5p","GO:0035886"
"914","MIMAT0000437","hsa-miR-145-5p","GO:0036446"
"915","MIMAT0000437","hsa-miR-145-5p","GO:0038166"
"916","MIMAT0000437","hsa-miR-145-5p","GO:0044663"
"917","MIMAT0000437","hsa-miR-145-5p","GO:0048333"
"918","MIMAT0000437","hsa-miR-145-5p","GO:0048662"
"919","MIMAT0000437","hsa-miR-145-5p","GO:0051898"
"920","MIMAT0000437","hsa-miR-145-5p","GO:0060414"
"921","MIMAT0000437","hsa-miR-145-5p","GO:0070372"
"922","MIMAT0000437","hsa-miR-145-5p","GO:0090263"
"923","MIMAT0000437","hsa-miR-145-5p","GO:1900239"
"924","MIMAT0000437","hsa-miR-145-5p","GO:1904673"
"925","MIMAT0000437","hsa-miR-145-5p","GO:1904676"
"926","MIMAT0000437","hsa-miR-145-5p","GO:1905175"
"927","MIMAT0000437","hsa-miR-145-5p","GO:2000724"
"928","MIMAT0000437","hsa-miR-145-5p","GO:0070062"
"929","MIMAT0000439","hsa-miR-153-3p","GO:0003730"
"930","MIMAT0000439","hsa-miR-153-3p","GO:1903231"
"931","MIMAT0000439","hsa-miR-153-3p","GO:0035195"
"932","MIMAT0000439","hsa-miR-153-3p","GO:0042985"
"933","MIMAT0000439","hsa-miR-153-3p","GO:0060087"
"934","MIMAT0000439","hsa-miR-153-3p","GO:1902430"
"935","MIMAT0000439","hsa-miR-153-3p","GO:1903817"
"936","MIMAT0000439","hsa-miR-153-3p","GO:1905651"
"937","MIMAT0000440","hsa-miR-191-5p","GO:1903231"
"938","MIMAT0000440","hsa-miR-191-5p","GO:0035195"
"939","MIMAT0000440","hsa-miR-191-5p","GO:0005615"
"940","MIMAT0000440","hsa-miR-191-5p","GO:1903561"
"941","MIMAT0000441","hsa-miR-9-5p","GO:0051055"
"942","MIMAT0000441","hsa-miR-9-5p","GO:0003727"
"943","MIMAT0000441","hsa-miR-9-5p","GO:0003730"
"944","MIMAT0000441","hsa-miR-9-5p","GO:0008035"
"945","MIMAT0000441","hsa-miR-9-5p","GO:1903231"
"946","MIMAT0000441","hsa-miR-9-5p","GO:0007162"
"947","MIMAT0000441","hsa-miR-9-5p","GO:0008285"
"948","MIMAT0000441","hsa-miR-9-5p","GO:0030336"
"949","MIMAT0000441","hsa-miR-9-5p","GO:0031047"
"950","MIMAT0000441","hsa-miR-9-5p","GO:0033689"
"951","MIMAT0000441","hsa-miR-9-5p","GO:0035195"
"952","MIMAT0000441","hsa-miR-9-5p","GO:0035278"
"953","MIMAT0000441","hsa-miR-9-5p","GO:0045668"
"954","MIMAT0000441","hsa-miR-9-5p","GO:0046426"
"955","MIMAT0000441","hsa-miR-9-5p","GO:0005634"
"956","MIMAT0000441","hsa-miR-9-5p","GO:0005737"
"957","MIMAT0000441","hsa-miR-9-5p","GO:0070062"
"958","MIMAT0000443","hsa-miR-125a-5p","GO:0001960"
"959","MIMAT0000443","hsa-miR-125a-5p","GO:0043433"
"960","MIMAT0000443","hsa-miR-125a-5p","GO:1902564"
"961","MIMAT0000443","hsa-miR-125a-5p","GO:1904893"
"962","MIMAT0000443","hsa-miR-125a-5p","GO:0010629"
"963","MIMAT0000443","hsa-miR-125a-5p","GO:0032715"
"964","MIMAT0000443","hsa-miR-125a-5p","GO:0042532"
"965","MIMAT0000443","hsa-miR-125a-5p","GO:0070104"
"966","MIMAT0000443","hsa-miR-125a-5p","GO:1904995"
"967","MIMAT0000443","hsa-miR-125a-5p","GO:0000993"
"968","MIMAT0000443","hsa-miR-125a-5p","GO:0003730"
"969","MIMAT0000443","hsa-miR-125a-5p","GO:1903231"
"970","MIMAT0000443","hsa-miR-125a-5p","GO:0010628"
"971","MIMAT0000443","hsa-miR-125a-5p","GO:0016525"
"972","MIMAT0000443","hsa-miR-125a-5p","GO:0032699"
"973","MIMAT0000443","hsa-miR-125a-5p","GO:0035195"
"974","MIMAT0000443","hsa-miR-125a-5p","GO:0072125"
"975","MIMAT0000443","hsa-miR-125a-5p","GO:1900016"
"976","MIMAT0000443","hsa-miR-125a-5p","GO:1903672"
"977","MIMAT0000443","hsa-miR-125a-5p","GO:1904046"
"978","MIMAT0000443","hsa-miR-125a-5p","GO:2000272"
"979","MIMAT0000443","hsa-miR-125a-5p","GO:2000353"
"980","MIMAT0000443","hsa-miR-125a-5p","GO:0005615"
"981","MIMAT0000443","hsa-miR-125a-5p","GO:0070062"
"982","MIMAT0000443","hsa-miR-125a-5p","GO:1903561"
"983","MIMAT0000444","hsa-miR-126-5p","GO:0030336"
"984","MIMAT0000444","hsa-miR-126-5p","GO:0045861"
"985","MIMAT0000444","hsa-miR-126-5p","GO:0000993"
"986","MIMAT0000444","hsa-miR-126-5p","GO:0003730"
"987","MIMAT0000444","hsa-miR-126-5p","GO:1903231"
"988","MIMAT0000444","hsa-miR-126-5p","GO:0035195"
"989","MIMAT0000444","hsa-miR-126-5p","GO:0045747"
"990","MIMAT0000444","hsa-miR-126-5p","GO:0071499"
"991","MIMAT0000444","hsa-miR-126-5p","GO:0090050"
"992","MIMAT0000444","hsa-miR-126-5p","GO:1903589"
"993","MIMAT0000444","hsa-miR-126-5p","GO:1905564"
"994","MIMAT0000444","hsa-miR-126-5p","GO:0005615"
"995","MIMAT0000447","hsa-miR-134-5p","GO:1903231"
"996","MIMAT0000447","hsa-miR-134-5p","GO:0035195"
"997","MIMAT0000447","hsa-miR-134-5p","GO:0035278"
"998","MIMAT0000447","hsa-miR-134-5p","GO:0045930"
"999","MIMAT0000447","hsa-miR-134-5p","GO:0110023"
"1000","MIMAT0000447","hsa-miR-134-5p","GO:1904046"
"1001","MIMAT0000447","hsa-miR-134-5p","GO:0005615"
"1002","MIMAT0000448","hsa-miR-136-5p","GO:1903231"
"1003","MIMAT0000448","hsa-miR-136-5p","GO:0032700"
"1004","MIMAT0000448","hsa-miR-136-5p","GO:0035195"
"1005","MIMAT0000448","hsa-miR-136-5p","GO:0050778"
"1006","MIMAT0000448","hsa-miR-136-5p","GO:1900016"
"1007","MIMAT0000449","hsa-miR-146a-5p","GO:0002692"
"1008","MIMAT0000449","hsa-miR-146a-5p","GO:0010887"
"1009","MIMAT0000449","hsa-miR-146a-5p","GO:0032715"
"1010","MIMAT0000449","hsa-miR-146a-5p","GO:0032717"
"1011","MIMAT0000449","hsa-miR-146a-5p","GO:0043065"
"1012","MIMAT0000449","hsa-miR-146a-5p","GO:0050728"
"1013","MIMAT0000449","hsa-miR-146a-5p","GO:0051898"
"1014","MIMAT0000449","hsa-miR-146a-5p","GO:1902532"
"1015","MIMAT0000449","hsa-miR-146a-5p","GO:1904465"
"1016","MIMAT0000449","hsa-miR-146a-5p","GO:1905709"
"1017","MIMAT0000449","hsa-miR-146a-5p","GO:2000342"
"1018","MIMAT0000449","hsa-miR-146a-5p","GO:0003730"
"1019","MIMAT0000449","hsa-miR-146a-5p","GO:1903231"
"1020","MIMAT0000449","hsa-miR-146a-5p","GO:0001937"
"1021","MIMAT0000449","hsa-miR-146a-5p","GO:0010628"
"1022","MIMAT0000449","hsa-miR-146a-5p","GO:0010629"
"1023","MIMAT0000449","hsa-miR-146a-5p","GO:0016525"
"1024","MIMAT0000449","hsa-miR-146a-5p","GO:0034121"
"1025","MIMAT0000449","hsa-miR-146a-5p","GO:0034144"
"1026","MIMAT0000449","hsa-miR-146a-5p","GO:0035195"
"1027","MIMAT0000449","hsa-miR-146a-5p","GO:0035278"
"1028","MIMAT0000449","hsa-miR-146a-5p","GO:0038061"
"1029","MIMAT0000449","hsa-miR-146a-5p","GO:0042532"
"1030","MIMAT0000449","hsa-miR-146a-5p","GO:0045666"
"1031","MIMAT0000449","hsa-miR-146a-5p","GO:0045743"
"1032","MIMAT0000449","hsa-miR-146a-5p","GO:0060253"
"1033","MIMAT0000449","hsa-miR-146a-5p","GO:0060354"
"1034","MIMAT0000449","hsa-miR-146a-5p","GO:0070498"
"1035","MIMAT0000449","hsa-miR-146a-5p","GO:0071222"
"1036","MIMAT0000449","hsa-miR-146a-5p","GO:0071333"
"1037","MIMAT0000449","hsa-miR-146a-5p","GO:0071345"
"1038","MIMAT0000449","hsa-miR-146a-5p","GO:0071456"
"1039","MIMAT0000449","hsa-miR-146a-5p","GO:0090050"
"1040","MIMAT0000449","hsa-miR-146a-5p","GO:0090051"
"1041","MIMAT0000449","hsa-miR-146a-5p","GO:0098586"
"1042","MIMAT0000449","hsa-miR-146a-5p","GO:0120132"
"1043","MIMAT0000449","hsa-miR-146a-5p","GO:0140052"
"1044","MIMAT0000449","hsa-miR-146a-5p","GO:1900016"
"1045","MIMAT0000449","hsa-miR-146a-5p","GO:1901223"
"1046","MIMAT0000449","hsa-miR-146a-5p","GO:1902511"
"1047","MIMAT0000449","hsa-miR-146a-5p","GO:1903589"
"1048","MIMAT0000449","hsa-miR-146a-5p","GO:1904046"
"1049","MIMAT0000449","hsa-miR-146a-5p","GO:1904646"
"1050","MIMAT0000449","hsa-miR-146a-5p","GO:1904995"
"1051","MIMAT0000449","hsa-miR-146a-5p","GO:2000736"
"1052","MIMAT0000449","hsa-miR-146a-5p","GO:2000774"
"1053","MIMAT0000449","hsa-miR-146a-5p","GO:0005615"
"1054","MIMAT0000449","hsa-miR-146a-5p","GO:0070062"
"1055","MIMAT0000450","hsa-miR-149-5p","GO:0032720"
"1056","MIMAT0000450","hsa-miR-149-5p","GO:0090051"
"1057","MIMAT0000450","hsa-miR-149-5p","GO:1903588"
"1058","MIMAT0000450","hsa-miR-149-5p","GO:2000545"
"1059","MIMAT0000450","hsa-miR-149-5p","GO:1903231"
"1060","MIMAT0000450","hsa-miR-149-5p","GO:0010719"
"1061","MIMAT0000450","hsa-miR-149-5p","GO:0030336"
"1062","MIMAT0000450","hsa-miR-149-5p","GO:0032715"
"1063","MIMAT0000450","hsa-miR-149-5p","GO:0032916"
"1064","MIMAT0000450","hsa-miR-149-5p","GO:0032967"
"1065","MIMAT0000450","hsa-miR-149-5p","GO:0035195"
"1066","MIMAT0000450","hsa-miR-149-5p","GO:0040037"
"1067","MIMAT0000450","hsa-miR-149-5p","GO:0044344"
"1068","MIMAT0000450","hsa-miR-149-5p","GO:0050728"
"1069","MIMAT0000450","hsa-miR-149-5p","GO:0051497"
"1070","MIMAT0000450","hsa-miR-149-5p","GO:1901223"
"1071","MIMAT0000451","hsa-miR-150-5p","GO:1905562"
"1072","MIMAT0000451","hsa-miR-150-5p","GO:1903231"
"1073","MIMAT0000451","hsa-miR-150-5p","GO:0035195"
"1074","MIMAT0000451","hsa-miR-150-5p","GO:0045603"
"1075","MIMAT0000451","hsa-miR-150-5p","GO:0090050"
"1076","MIMAT0000451","hsa-miR-150-5p","GO:1905772"
"1077","MIMAT0000451","hsa-miR-150-5p","GO:0005615"
"1078","MIMAT0000452","hsa-miR-154-5p","GO:0010628"
"1079","MIMAT0000452","hsa-miR-154-5p","GO:0010629"
"1080","MIMAT0000452","hsa-miR-154-5p","GO:0060355"
"1081","MIMAT0000452","hsa-miR-154-5p","GO:0003730"
"1082","MIMAT0000452","hsa-miR-154-5p","GO:1903231"
"1083","MIMAT0000452","hsa-miR-154-5p","GO:0035195"
"1084","MIMAT0000452","hsa-miR-154-5p","GO:0043433"
"1085","MIMAT0000455","hsa-miR-185-5p","GO:0010989"
"1086","MIMAT0000455","hsa-miR-185-5p","GO:0045541"
"1087","MIMAT0000455","hsa-miR-185-5p","GO:1905598"
"1088","MIMAT0000455","hsa-miR-185-5p","GO:2001216"
"1089","MIMAT0000455","hsa-miR-185-5p","GO:1903231"
"1090","MIMAT0000455","hsa-miR-185-5p","GO:0010629"
"1091","MIMAT0000455","hsa-miR-185-5p","GO:0010744"
"1092","MIMAT0000455","hsa-miR-185-5p","GO:0016525"
"1093","MIMAT0000455","hsa-miR-185-5p","GO:0035195"
"1094","MIMAT0000455","hsa-miR-185-5p","GO:0042632"
"1095","MIMAT0000455","hsa-miR-185-5p","GO:0071397"
"1096","MIMAT0000455","hsa-miR-185-5p","GO:0106108"
"1097","MIMAT0000455","hsa-miR-185-5p","GO:0005615"
"1098","MIMAT0000455","hsa-miR-185-5p","GO:1903561"
"1099","MIMAT0000456","hsa-miR-186-5p","GO:1902430"
"1100","MIMAT0000456","hsa-miR-186-5p","GO:0003730"
"1101","MIMAT0000456","hsa-miR-186-5p","GO:1903231"
"1102","MIMAT0000456","hsa-miR-186-5p","GO:0035195"
"1103","MIMAT0000456","hsa-miR-186-5p","GO:0005615"
"1104","MIMAT0000457","hsa-miR-188-5p","GO:1903231"
"1105","MIMAT0000457","hsa-miR-188-5p","GO:0035195"
"1106","MIMAT0000457","hsa-miR-188-5p","GO:0090051"
"1107","MIMAT0000457","hsa-miR-188-5p","GO:1903769"
"1108","MIMAT0000457","hsa-miR-188-5p","GO:2000774"
"1109","MIMAT0004614","hsa-miR-193a-5p","GO:0016525"
"1110","MIMAT0004614","hsa-miR-193a-5p","GO:0043537"
"1111","MIMAT0004614","hsa-miR-193a-5p","GO:1905563"
"1112","MIMAT0000460","hsa-miR-194-5p","GO:0032693"
"1113","MIMAT0000460","hsa-miR-194-5p","GO:1903231"
"1114","MIMAT0000460","hsa-miR-194-5p","GO:0035195"
"1115","MIMAT0000460","hsa-miR-194-5p","GO:0005615"
"1116","MIMAT0000460","hsa-miR-194-5p","GO:1903561"
"1117","MIMAT0000461","hsa-miR-195-5p","GO:0003730"
"1118","MIMAT0000461","hsa-miR-195-5p","GO:1903231"
"1119","MIMAT0000461","hsa-miR-195-5p","GO:0002931"
"1120","MIMAT0000461","hsa-miR-195-5p","GO:0003245"
"1121","MIMAT0000461","hsa-miR-195-5p","GO:0003300"
"1122","MIMAT0000461","hsa-miR-195-5p","GO:0008285"
"1123","MIMAT0000461","hsa-miR-195-5p","GO:0010666"
"1124","MIMAT0000461","hsa-miR-195-5p","GO:0010972"
"1125","MIMAT0000461","hsa-miR-195-5p","GO:0032691"
"1126","MIMAT0000461","hsa-miR-195-5p","GO:0032715"
"1127","MIMAT0000461","hsa-miR-195-5p","GO:0032720"
"1128","MIMAT0000461","hsa-miR-195-5p","GO:0035195"
"1129","MIMAT0000461","hsa-miR-195-5p","GO:0043065"
"1130","MIMAT0000461","hsa-miR-195-5p","GO:0043124"
"1131","MIMAT0000461","hsa-miR-195-5p","GO:0045930"
"1132","MIMAT0000461","hsa-miR-195-5p","GO:0061049"
"1133","MIMAT0000461","hsa-miR-195-5p","GO:0090272"
"1134","MIMAT0000461","hsa-miR-195-5p","GO:0150079"
"1135","MIMAT0000461","hsa-miR-195-5p","GO:1903202"
"1136","MIMAT0000461","hsa-miR-195-5p","GO:1904046"
"1137","MIMAT0000461","hsa-miR-195-5p","GO:1904684"
"1138","MIMAT0000461","hsa-miR-195-5p","GO:1905205"
"1139","MIMAT0000462","hsa-miR-206","GO:0010629"
"1140","MIMAT0000462","hsa-miR-206","GO:0003730"
"1141","MIMAT0000462","hsa-miR-206","GO:0005515"
"1142","MIMAT0000462","hsa-miR-206","GO:1903231"
"1143","MIMAT0000462","hsa-miR-206","GO:0010455"
"1144","MIMAT0000462","hsa-miR-206","GO:0010831"
"1145","MIMAT0000462","hsa-miR-206","GO:0014067"
"1146","MIMAT0000462","hsa-miR-206","GO:0032715"
"1147","MIMAT0000462","hsa-miR-206","GO:0032731"
"1148","MIMAT0000462","hsa-miR-206","GO:0032760"
"1149","MIMAT0000462","hsa-miR-206","GO:0035195"
"1150","MIMAT0000462","hsa-miR-206","GO:0060354"
"1151","MIMAT0000462","hsa-miR-206","GO:0090051"
"1152","MIMAT0000462","hsa-miR-206","GO:0150078"
"1153","MIMAT0000462","hsa-miR-206","GO:1902004"
"1154","MIMAT0000462","hsa-miR-206","GO:0016442"
"1155","MIMAT0004657","hsa-miR-200c-5p","GO:1903231"
"1156","MIMAT0004657","hsa-miR-200c-5p","GO:0035195"
"1157","MIMAT0031892","hsa-miR-1-5p","GO:0000993"
"1158","MIMAT0000646","hsa-miR-155-5p","GO:2000725"
"1159","MIMAT0000646","hsa-miR-155-5p","GO:0002696"
"1160","MIMAT0000646","hsa-miR-155-5p","GO:0002718"
"1161","MIMAT0000646","hsa-miR-155-5p","GO:0010613"
"1162","MIMAT0000646","hsa-miR-155-5p","GO:0010940"
"1163","MIMAT0000646","hsa-miR-155-5p","GO:0010942"
"1164","MIMAT0000646","hsa-miR-155-5p","GO:0032691"
"1165","MIMAT0000646","hsa-miR-155-5p","GO:0032715"
"1166","MIMAT0000646","hsa-miR-155-5p","GO:0042127"
"1167","MIMAT0000646","hsa-miR-155-5p","GO:0042981"
"1168","MIMAT0000646","hsa-miR-155-5p","GO:0043032"
"1169","MIMAT0000646","hsa-miR-155-5p","GO:0046426"
"1170","MIMAT0000646","hsa-miR-155-5p","GO:0048146"
"1171","MIMAT0000646","hsa-miR-155-5p","GO:0050729"
"1172","MIMAT0000646","hsa-miR-155-5p","GO:0050870"
"1173","MIMAT0000646","hsa-miR-155-5p","GO:1902565"
"1174","MIMAT0000646","hsa-miR-155-5p","GO:1903244"
"1175","MIMAT0000646","hsa-miR-155-5p","GO:1903428"
"1176","MIMAT0000646","hsa-miR-155-5p","GO:1903588"
"1177","MIMAT0000646","hsa-miR-155-5p","GO:1903980"
"1178","MIMAT0000646","hsa-miR-155-5p","GO:1905205"
"1179","MIMAT0000646","hsa-miR-155-5p","GO:1905952"
"1180","MIMAT0000646","hsa-miR-155-5p","GO:2000425"
"1181","MIMAT0000646","hsa-miR-155-5p","GO:1903231"
"1182","MIMAT0000646","hsa-miR-155-5p","GO:0001818"
"1183","MIMAT0000646","hsa-miR-155-5p","GO:0010628"
"1184","MIMAT0000646","hsa-miR-155-5p","GO:0010629"
"1185","MIMAT0000646","hsa-miR-155-5p","GO:0010823"
"1186","MIMAT0000646","hsa-miR-155-5p","GO:0010989"
"1187","MIMAT0000646","hsa-miR-155-5p","GO:0032088"
"1188","MIMAT0000646","hsa-miR-155-5p","GO:0032496"
"1189","MIMAT0000646","hsa-miR-155-5p","GO:0032707"
"1190","MIMAT0000646","hsa-miR-155-5p","GO:0032717"
"1191","MIMAT0000646","hsa-miR-155-5p","GO:0032735"
"1192","MIMAT0000646","hsa-miR-155-5p","GO:0035195"
"1193","MIMAT0000646","hsa-miR-155-5p","GO:0035278"
"1194","MIMAT0000646","hsa-miR-155-5p","GO:0042104"
"1195","MIMAT0000646","hsa-miR-155-5p","GO:0042632"
"1196","MIMAT0000646","hsa-miR-155-5p","GO:0042742"
"1197","MIMAT0000646","hsa-miR-155-5p","GO:0043537"
"1198","MIMAT0000646","hsa-miR-155-5p","GO:0044828"
"1199","MIMAT0000646","hsa-miR-155-5p","GO:0045590"
"1200","MIMAT0000646","hsa-miR-155-5p","GO:0045824"
"1201","MIMAT0000646","hsa-miR-155-5p","GO:0046716"
"1202","MIMAT0000646","hsa-miR-155-5p","GO:0050728"
"1203","MIMAT0000646","hsa-miR-155-5p","GO:0051607"
"1204","MIMAT0000646","hsa-miR-155-5p","GO:0060354"
"1205","MIMAT0000646","hsa-miR-155-5p","GO:0060545"
"1206","MIMAT0000646","hsa-miR-155-5p","GO:0060546"
"1207","MIMAT0000646","hsa-miR-155-5p","GO:0060547"
"1208","MIMAT0000646","hsa-miR-155-5p","GO:0061044"
"1209","MIMAT0000646","hsa-miR-155-5p","GO:0070498"
"1210","MIMAT0000646","hsa-miR-155-5p","GO:0071404"
"1211","MIMAT0000646","hsa-miR-155-5p","GO:0071456"
"1212","MIMAT0000646","hsa-miR-155-5p","GO:0071644"
"1213","MIMAT0000646","hsa-miR-155-5p","GO:0090051"
"1214","MIMAT0000680","hsa-miR-106b-5p","GO:2000351"
"1215","MIMAT0000680","hsa-miR-106b-5p","GO:0010629"
"1216","MIMAT0000680","hsa-miR-106b-5p","GO:0032717"
"1217","MIMAT0000680","hsa-miR-106b-5p","GO:0003730"
"1218","MIMAT0000680","hsa-miR-106b-5p","GO:1903231"
"1219","MIMAT0000680","hsa-miR-106b-5p","GO:0010667"
"1220","MIMAT0000680","hsa-miR-106b-5p","GO:0016525"
"1221","MIMAT0000680","hsa-miR-106b-5p","GO:0035195"
"1222","MIMAT0000680","hsa-miR-106b-5p","GO:0035278"
"1223","MIMAT0000680","hsa-miR-106b-5p","GO:0050732"
"1224","MIMAT0000680","hsa-miR-106b-5p","GO:0071456"
"1225","MIMAT0000680","hsa-miR-106b-5p","GO:1904646"
"1226","MIMAT0000680","hsa-miR-106b-5p","GO:0005615"
"1227","MIMAT0000680","hsa-miR-106b-5p","GO:1903561"
"1228","MIMAT0004673","hsa-miR-29c-5p","GO:1903231"
"1229","MIMAT0004673","hsa-miR-29c-5p","GO:0010629"
"1230","MIMAT0004673","hsa-miR-29c-5p","GO:0016525"
"1231","MIMAT0004673","hsa-miR-29c-5p","GO:0035195"
"1232","MIMAT0004673","hsa-miR-29c-5p","GO:0043569"
"1233","MIMAT0004673","hsa-miR-29c-5p","GO:0090051"
"1234","MIMAT0004673","hsa-miR-29c-5p","GO:1902807"
"1235","MIMAT0004673","hsa-miR-29c-5p","GO:1903588"
"1236","MIMAT0004673","hsa-miR-29c-5p","GO:1905563"
"1237","MIMAT0000685","hsa-miR-34b-5p","GO:1903231"
"1238","MIMAT0000685","hsa-miR-34b-5p","GO:0035195"
"1239","MIMAT0000685","hsa-miR-34b-5p","GO:0051898"
"1240","MIMAT0000685","hsa-miR-34b-5p","GO:1903244"
"1241","MIMAT0000685","hsa-miR-34b-5p","GO:1903671"
"1242","MIMAT0000685","hsa-miR-34b-5p","GO:1905205"
"1243","MIMAT0000686","hsa-miR-34c-5p","GO:0035195"
"1244","MIMAT0000686","hsa-miR-34c-5p","GO:0051898"
"1245","MIMAT0000686","hsa-miR-34c-5p","GO:1903244"
"1246","MIMAT0000686","hsa-miR-34c-5p","GO:1903671"
"1247","MIMAT0000686","hsa-miR-34c-5p","GO:1905205"
"1248","MIMAT0002890","hsa-miR-299-5p","GO:1903231"
"1249","MIMAT0002890","hsa-miR-299-5p","GO:0035278"
"1250","MIMAT0000689","hsa-miR-99b-5p","GO:0045429"
"1251","MIMAT0000689","hsa-miR-99b-5p","GO:0045603"
"1252","MIMAT0000689","hsa-miR-99b-5p","GO:0045766"
"1253","MIMAT0000689","hsa-miR-99b-5p","GO:0005615"
"1254","MIMAT0000690","hsa-miR-296-5p","GO:1903231"
"1255","MIMAT0000690","hsa-miR-296-5p","GO:0010641"
"1256","MIMAT0000690","hsa-miR-296-5p","GO:0030949"
"1257","MIMAT0000690","hsa-miR-296-5p","GO:0035195"
"1258","MIMAT0000690","hsa-miR-296-5p","GO:0090050"
"1259","MIMAT0004680","hsa-miR-130b-5p","GO:0005615"
"1260","MIMAT0000692","hsa-miR-30e-5p","GO:1903231"
"1261","MIMAT0000692","hsa-miR-30e-5p","GO:0010667"
"1262","MIMAT0000692","hsa-miR-30e-5p","GO:0035195"
"1263","MIMAT0000692","hsa-miR-30e-5p","GO:0055118"
"1264","MIMAT0000692","hsa-miR-30e-5p","GO:0140193"
"1265","MIMAT0000692","hsa-miR-30e-5p","GO:1903671"
"1266","MIMAT0000692","hsa-miR-30e-5p","GO:1905563"
"1267","MIMAT0000692","hsa-miR-30e-5p","GO:2000352"
"1268","MIMAT0000692","hsa-miR-30e-5p","GO:0005615"
"1269","MIMAT0000692","hsa-miR-30e-5p","GO:1903561"
"1270","MIMAT0000703","hsa-miR-361-5p","GO:1903231"
"1271","MIMAT0000703","hsa-miR-361-5p","GO:0016525"
"1272","MIMAT0000703","hsa-miR-361-5p","GO:0032651"
"1273","MIMAT0000703","hsa-miR-361-5p","GO:0032675"
"1274","MIMAT0000703","hsa-miR-361-5p","GO:0032680"
"1275","MIMAT0000703","hsa-miR-361-5p","GO:0035195"
"1276","MIMAT0000703","hsa-miR-361-5p","GO:0050727"
"1277","MIMAT0000703","hsa-miR-361-5p","GO:0090051"
"1278","MIMAT0000703","hsa-miR-361-5p","GO:1903588"
"1279","MIMAT0000703","hsa-miR-361-5p","GO:1904046"
"1280","MIMAT0000703","hsa-miR-361-5p","GO:0005615"
"1281","MIMAT0009199","hsa-miR-365a-5p","GO:1903561"
"1282","MIMAT0000727","hsa-miR-374a-5p","GO:0003730"
"1283","MIMAT0000727","hsa-miR-374a-5p","GO:1903231"
"1284","MIMAT0000727","hsa-miR-374a-5p","GO:0035195"
"1285","MIMAT0000727","hsa-miR-374a-5p","GO:0060354"
"1286","MIMAT0000727","hsa-miR-374a-5p","GO:0005615"
"1287","MIMAT0000731","hsa-miR-378a-5p","GO:0000993"
"1288","MIMAT0000731","hsa-miR-378a-5p","GO:1903231"
"1289","MIMAT0000731","hsa-miR-378a-5p","GO:0032769"
"1290","MIMAT0000731","hsa-miR-378a-5p","GO:0035195"
"1291","MIMAT0000731","hsa-miR-378a-5p","GO:0035278"
"1292","MIMAT0000731","hsa-miR-378a-5p","GO:0045766"
"1293","MIMAT0000731","hsa-miR-378a-5p","GO:1904046"
"1294","MIMAT0000733","hsa-miR-379-5p","GO:0032868"
"1295","MIMAT0000733","hsa-miR-379-5p","GO:0070328"
"1296","MIMAT0000733","hsa-miR-379-5p","GO:0110119"
"1297","MIMAT0000738","hsa-miR-383-5p","GO:0032700"
"1298","MIMAT0000738","hsa-miR-383-5p","GO:1903231"
"1299","MIMAT0000738","hsa-miR-383-5p","GO:0035195"
"1300","MIMAT0004692","hsa-miR-340-5p","GO:0005615"
"1301","MIMAT0004694","hsa-miR-342-5p","GO:1903231"
"1302","MIMAT0004694","hsa-miR-342-5p","GO:0030512"
"1303","MIMAT0004694","hsa-miR-342-5p","GO:0035195"
"1304","MIMAT0004694","hsa-miR-342-5p","GO:0043536"
"1305","MIMAT0004694","hsa-miR-342-5p","GO:0051898"
"1306","MIMAT0004694","hsa-miR-342-5p","GO:0062000"
"1307","MIMAT0004694","hsa-miR-342-5p","GO:1900747"
"1308","MIMAT0004694","hsa-miR-342-5p","GO:1903588"
"1309","MIMAT0004694","hsa-miR-342-5p","GO:0005615"
"1310","MIMAT0004697","hsa-miR-151a-5p","GO:0005615"
"1311","MIMAT0000758","hsa-miR-135b-5p","GO:1903231"
"1312","MIMAT0000758","hsa-miR-135b-5p","GO:0035195"
"1313","MIMAT0000758","hsa-miR-135b-5p","GO:0035278"
"1314","MIMAT0000758","hsa-miR-135b-5p","GO:0043536"
"1315","MIMAT0000758","hsa-miR-135b-5p","GO:1904707"
"1316","MIMAT0000758","hsa-miR-135b-5p","GO:1904754"
"1317","MIMAT0000758","hsa-miR-135b-5p","GO:1905564"
"1318","MIMAT0004699","hsa-miR-148b-5p","GO:1903231"
"1319","MIMAT0004699","hsa-miR-148b-5p","GO:0035195"
"1320","MIMAT0004699","hsa-miR-148b-5p","GO:0005615"
"1321","MIMAT0004701","hsa-miR-338-5p","GO:0032715"
"1322","MIMAT0004701","hsa-miR-338-5p","GO:1903231"
"1323","MIMAT0004701","hsa-miR-338-5p","GO:0035195"
"1324","MIMAT0004701","hsa-miR-338-5p","GO:1900016"
"1325","MIMAT0004701","hsa-miR-338-5p","GO:0070062"
"1326","MIMAT0000764","hsa-miR-339-5p","GO:1902430"
"1327","MIMAT0000764","hsa-miR-339-5p","GO:0003730"
"1328","MIMAT0000764","hsa-miR-339-5p","GO:1903231"
"1329","MIMAT0000764","hsa-miR-339-5p","GO:0010951"
"1330","MIMAT0000764","hsa-miR-339-5p","GO:0035195"
"1331","MIMAT0000764","hsa-miR-339-5p","GO:0044344"
"1332","MIMAT0000764","hsa-miR-339-5p","GO:1904706"
"1333","MIMAT0000765","hsa-miR-335-5p","GO:0005615"
"1334","MIMAT0000770","hsa-miR-133b","GO:0003730"
"1335","MIMAT0000770","hsa-miR-133b","GO:1903231"
"1336","MIMAT0000770","hsa-miR-133b","GO:0008285"
"1337","MIMAT0000770","hsa-miR-133b","GO:0010831"
"1338","MIMAT0000770","hsa-miR-133b","GO:0010976"
"1339","MIMAT0000770","hsa-miR-133b","GO:0030336"
"1340","MIMAT0000770","hsa-miR-133b","GO:0035195"
"1341","MIMAT0000770","hsa-miR-133b","GO:0035278"
"1342","MIMAT0000770","hsa-miR-133b","GO:0043433"
"1343","MIMAT0000770","hsa-miR-133b","GO:0043537"
"1344","MIMAT0000770","hsa-miR-133b","GO:0070373"
"1345","MIMAT0000770","hsa-miR-133b","GO:1905563"
"1346","MIMAT0000770","hsa-miR-133b","GO:2000134"
"1347","MIMAT0000770","hsa-miR-133b","GO:2000818"
"1348","MIMAT0000772","hsa-miR-345-5p","GO:1903231"
"1349","MIMAT0000772","hsa-miR-345-5p","GO:0035278"
"1350","MIMAT0000772","hsa-miR-345-5p","GO:0005615"
"1351","MIMAT0000773","hsa-miR-346","GO:1902004"
"1352","MIMAT0000773","hsa-miR-346","GO:0048027"
"1353","MIMAT0000773","hsa-miR-346","GO:0042986"
"1354","MIMAT0000773","hsa-miR-346","GO:0045975"
"1355","MIMAT0004748","hsa-miR-423-5p","GO:0005615"
"1356","MIMAT0004748","hsa-miR-423-5p","GO:0070062"
"1357","MIMAT0001341","hsa-miR-424-5p","GO:0003730"
"1358","MIMAT0001341","hsa-miR-424-5p","GO:1903231"
"1359","MIMAT0001341","hsa-miR-424-5p","GO:0001937"
"1360","MIMAT0001341","hsa-miR-424-5p","GO:0016525"
"1361","MIMAT0001341","hsa-miR-424-5p","GO:0035195"
"1362","MIMAT0001341","hsa-miR-424-5p","GO:0040037"
"1363","MIMAT0001341","hsa-miR-424-5p","GO:0043537"
"1364","MIMAT0001341","hsa-miR-424-5p","GO:0070317"
"1365","MIMAT0001341","hsa-miR-424-5p","GO:0070373"
"1366","MIMAT0001341","hsa-miR-424-5p","GO:0090051"
"1367","MIMAT0001341","hsa-miR-424-5p","GO:0106128"
"1368","MIMAT0001341","hsa-miR-424-5p","GO:1900747"
"1369","MIMAT0001341","hsa-miR-424-5p","GO:1903588"
"1370","MIMAT0001341","hsa-miR-424-5p","GO:1904706"
"1371","MIMAT0001341","hsa-miR-424-5p","GO:1904753"
"1372","MIMAT0001341","hsa-miR-424-5p","GO:1904831"
"1373","MIMAT0001341","hsa-miR-424-5p","GO:1904858"
"1374","MIMAT0001341","hsa-miR-424-5p","GO:1905563"
"1375","MIMAT0001341","hsa-miR-424-5p","GO:2000545"
"1376","MIMAT0001341","hsa-miR-424-5p","GO:0005615"
"1377","MIMAT0003393","hsa-miR-425-5p","GO:1903231"
"1378","MIMAT0003393","hsa-miR-425-5p","GO:0035195"
"1379","MIMAT0003393","hsa-miR-425-5p","GO:0005615"
"1380","MIMAT0001412","hsa-miR-18b-5p","GO:1903231"
"1381","MIMAT0001412","hsa-miR-18b-5p","GO:0030857"
"1382","MIMAT0001412","hsa-miR-18b-5p","GO:0035195"
"1383","MIMAT0001413","hsa-miR-20b-5p","GO:0010628"
"1384","MIMAT0001413","hsa-miR-20b-5p","GO:0045669"
"1385","MIMAT0001413","hsa-miR-20b-5p","GO:0003730"
"1386","MIMAT0001413","hsa-miR-20b-5p","GO:1903231"
"1387","MIMAT0001413","hsa-miR-20b-5p","GO:0016525"
"1388","MIMAT0001413","hsa-miR-20b-5p","GO:0035195"
"1389","MIMAT0001413","hsa-miR-20b-5p","GO:0071356"
"1390","MIMAT0001413","hsa-miR-20b-5p","GO:1904046"
"1391","MIMAT0001413","hsa-miR-20b-5p","GO:1905563"
"1392","MIMAT0001413","hsa-miR-20b-5p","GO:2000774"
"1393","MIMAT0001413","hsa-miR-20b-5p","GO:0005615"
"1394","MIMAT0001413","hsa-miR-20b-5p","GO:1903561"
"1395","MIMAT0001536","hsa-miR-429","GO:0003730"
"1396","MIMAT0001536","hsa-miR-429","GO:1903231"
"1397","MIMAT0001536","hsa-miR-429","GO:0035195"
"1398","MIMAT0001541","hsa-miR-449a","GO:1903231"
"1399","MIMAT0001541","hsa-miR-449a","GO:0008285"
"1400","MIMAT0001541","hsa-miR-449a","GO:0010629"
"1401","MIMAT0001541","hsa-miR-449a","GO:0014067"
"1402","MIMAT0001541","hsa-miR-449a","GO:0030336"
"1403","MIMAT0001541","hsa-miR-449a","GO:0035195"
"1404","MIMAT0001541","hsa-miR-449a","GO:0051898"
"1405","MIMAT0001541","hsa-miR-449a","GO:2001235"
"1406","MIMAT0001625","hsa-miR-431-5p","GO:0010976"
"1407","MIMAT0001625","hsa-miR-431-5p","GO:0048680"
"1408","MIMAT0001625","hsa-miR-431-5p","GO:1905608"
"1409","MIMAT0001625","hsa-miR-431-5p","GO:0005615"
"1410","MIMAT0001631","hsa-miR-451a","GO:0003730"
"1411","MIMAT0001631","hsa-miR-451a","GO:1903231"
"1412","MIMAT0001631","hsa-miR-451a","GO:0010629"
"1413","MIMAT0001631","hsa-miR-451a","GO:0030336"
"1414","MIMAT0001631","hsa-miR-451a","GO:0035195"
"1415","MIMAT0001631","hsa-miR-451a","GO:0035470"
"1416","MIMAT0001631","hsa-miR-451a","GO:0043065"
"1417","MIMAT0001631","hsa-miR-451a","GO:0051898"
"1418","MIMAT0001631","hsa-miR-451a","GO:1904754"
"1419","MIMAT0001631","hsa-miR-451a","GO:2000134"
"1420","MIMAT0001631","hsa-miR-451a","GO:0005615"
"1421","MIMAT0001631","hsa-miR-451a","GO:0070062"
"1422","MIMAT0001631","hsa-miR-451a","GO:1903561"
"1423","MIMAT0004761","hsa-miR-483-5p","GO:1903231"
"1424","MIMAT0004761","hsa-miR-483-5p","GO:0035278"
"1425","MIMAT0004761","hsa-miR-483-5p","GO:0090051"
"1426","MIMAT0004761","hsa-miR-483-5p","GO:1903588"
"1427","MIMAT0002174","hsa-miR-484","GO:0005615"
"1428","MIMAT0002175","hsa-miR-485-5p","GO:1903231"
"1429","MIMAT0002175","hsa-miR-485-5p","GO:0035195"
"1430","MIMAT0002175","hsa-miR-485-5p","GO:0060546"
"1431","MIMAT0002175","hsa-miR-485-5p","GO:0005615"
"1432","MIMAT0002177","hsa-miR-486-5p","GO:0005615"
"1433","MIMAT0002807","hsa-miR-491-5p","GO:1903231"
"1434","MIMAT0002807","hsa-miR-491-5p","GO:0030336"
"1435","MIMAT0002807","hsa-miR-491-5p","GO:0035195"
"1436","MIMAT0002809","hsa-miR-146b-5p","GO:1903231"
"1437","MIMAT0002809","hsa-miR-146b-5p","GO:0010719"
"1438","MIMAT0002809","hsa-miR-146b-5p","GO:0010764"
"1439","MIMAT0002809","hsa-miR-146b-5p","GO:0032700"
"1440","MIMAT0002809","hsa-miR-146b-5p","GO:0034121"
"1441","MIMAT0002809","hsa-miR-146b-5p","GO:0035195"
"1442","MIMAT0002809","hsa-miR-146b-5p","GO:0071222"
"1443","MIMAT0002809","hsa-miR-146b-5p","GO:0090051"
"1444","MIMAT0002809","hsa-miR-146b-5p","GO:0090272"
"1445","MIMAT0002809","hsa-miR-146b-5p","GO:0005615"
"1446","MIMAT0002813","hsa-miR-493-5p","GO:0005615"
"1447","MIMAT0002814","hsa-miR-432-5p","GO:0005615"
"1448","MIMAT0002820","hsa-miR-497-5p","GO:0003730"
"1449","MIMAT0002820","hsa-miR-497-5p","GO:1903231"
"1450","MIMAT0002820","hsa-miR-497-5p","GO:0035195"
"1451","MIMAT0002820","hsa-miR-497-5p","GO:0043124"
"1452","MIMAT0002820","hsa-miR-497-5p","GO:0090051"
"1453","MIMAT0002820","hsa-miR-497-5p","GO:1903588"
"1454","MIMAT0002821","hsa-miR-181d-5p","GO:1903231"
"1455","MIMAT0002821","hsa-miR-181d-5p","GO:0030335"
"1456","MIMAT0002821","hsa-miR-181d-5p","GO:0032691"
"1457","MIMAT0002821","hsa-miR-181d-5p","GO:0035195"
"1458","MIMAT0002821","hsa-miR-181d-5p","GO:0035278"
"1459","MIMAT0002821","hsa-miR-181d-5p","GO:0045944"
"1460","MIMAT0002821","hsa-miR-181d-5p","GO:1900745"
"1461","MIMAT0002821","hsa-miR-181d-5p","GO:0005615"
"1462","MIMAT0002821","hsa-miR-181d-5p","GO:0005737"
"1463","MIMAT0002824","hsa-miR-498-5p","GO:0030512"
"1464","MIMAT0002824","hsa-miR-498-5p","GO:0043433"
"1465","MIMAT0002824","hsa-miR-498-5p","GO:0090090"
"1466","MIMAT0002824","hsa-miR-498-5p","GO:0003730"
"1467","MIMAT0002824","hsa-miR-498-5p","GO:1903231"
"1468","MIMAT0002824","hsa-miR-498-5p","GO:0035195"
"1469","MIMAT0002831","hsa-miR-519c-5p","GO:0003674"
"1470","MIMAT0002831","hsa-miR-519c-5p","GO:0008150"
"1471","MIMAT0002831","hsa-miR-519c-5p","GO:0005575"
"1472","MIMAT0005454","hsa-miR-519b-5p","GO:0003674"
"1473","MIMAT0005454","hsa-miR-519b-5p","GO:0008150"
"1474","MIMAT0005454","hsa-miR-519b-5p","GO:0005575"
"1475","MIMAT0005449","hsa-miR-523-5p","GO:0003674"
"1476","MIMAT0005449","hsa-miR-523-5p","GO:0008150"
"1477","MIMAT0005449","hsa-miR-523-5p","GO:0005575"
"1478","MIMAT0002844","hsa-miR-518b","GO:1903231"
"1479","MIMAT0002844","hsa-miR-518b","GO:0008285"
"1480","MIMAT0002844","hsa-miR-518b","GO:0030336"
"1481","MIMAT0002844","hsa-miR-518b","GO:0030857"
"1482","MIMAT0002844","hsa-miR-518b","GO:0035195"
"1483","MIMAT0002844","hsa-miR-518b","GO:0035278"
"1484","MIMAT0002844","hsa-miR-518b","GO:0043065"
"1485","MIMAT0002844","hsa-miR-518b","GO:0005575"
"1486","MIMAT0005450","hsa-miR-518e-5p","GO:0003674"
"1487","MIMAT0005450","hsa-miR-518e-5p","GO:0008150"
"1488","MIMAT0005450","hsa-miR-518e-5p","GO:0005575"
"1489","MIMAT0005451","hsa-miR-522-5p","GO:0003674"
"1490","MIMAT0005451","hsa-miR-522-5p","GO:0008150"
"1491","MIMAT0005451","hsa-miR-522-5p","GO:0005575"
"1492","MIMAT0005452","hsa-miR-519a-5p","GO:0003674"
"1493","MIMAT0005452","hsa-miR-519a-5p","GO:0008150"
"1494","MIMAT0005452","hsa-miR-519a-5p","GO:0005575"
"1495","MIMAT0002870","hsa-miR-499a-5p","GO:1903231"
"1496","MIMAT0002870","hsa-miR-499a-5p","GO:0014883"
"1497","MIMAT0002870","hsa-miR-499a-5p","GO:0035195"
"1498","MIMAT0002870","hsa-miR-499a-5p","GO:2000727"
"1499","MIMAT0002870","hsa-miR-499a-5p","GO:2000818"
"1500","MIMAT0002874","hsa-miR-503-5p","GO:1903231"
"1501","MIMAT0002874","hsa-miR-503-5p","GO:0001937"
"1502","MIMAT0002874","hsa-miR-503-5p","GO:0010596"
"1503","MIMAT0002874","hsa-miR-503-5p","GO:0010812"
"1504","MIMAT0002874","hsa-miR-503-5p","GO:0016525"
"1505","MIMAT0002874","hsa-miR-503-5p","GO:0035195"
"1506","MIMAT0002874","hsa-miR-503-5p","GO:0035278"
"1507","MIMAT0002874","hsa-miR-503-5p","GO:0040037"
"1508","MIMAT0002874","hsa-miR-503-5p","GO:0043537"
"1509","MIMAT0002874","hsa-miR-503-5p","GO:0070317"
"1510","MIMAT0002874","hsa-miR-503-5p","GO:0070373"
"1511","MIMAT0002874","hsa-miR-503-5p","GO:0090051"
"1512","MIMAT0002874","hsa-miR-503-5p","GO:1902807"
"1513","MIMAT0002874","hsa-miR-503-5p","GO:1903588"
"1514","MIMAT0002874","hsa-miR-503-5p","GO:1903589"
"1515","MIMAT0002874","hsa-miR-503-5p","GO:1904706"
"1516","MIMAT0002874","hsa-miR-503-5p","GO:1904753"
"1517","MIMAT0002874","hsa-miR-503-5p","GO:1905563"
"1518","MIMAT0002874","hsa-miR-503-5p","GO:0072563"
"1519","MIMAT0002875","hsa-miR-504-5p","GO:0035195"
"1520","MIMAT0002875","hsa-miR-504-5p","GO:1904046"
"1521","MIMAT0004776","hsa-miR-505-5p","GO:0005615"
"1522","MIMAT0002877","hsa-miR-513a-5p","GO:1903561"
"1523","MIMAT0002888","hsa-miR-532-5p","GO:0005615"
"1524","MIMAT0003150","hsa-miR-455-5p","GO:1902430"
"1525","MIMAT0003150","hsa-miR-455-5p","GO:0003730"
"1526","MIMAT0003150","hsa-miR-455-5p","GO:1903231"
"1527","MIMAT0003150","hsa-miR-455-5p","GO:0035195"
"1528","MIMAT0003238","hsa-miR-573","GO:0010719"
"1529","MIMAT0003238","hsa-miR-573","GO:0040037"
"1530","MIMAT0003238","hsa-miR-573","GO:0010629"
"1531","MIMAT0003238","hsa-miR-573","GO:0003730"
"1532","MIMAT0003238","hsa-miR-573","GO:1903231"
"1533","MIMAT0003238","hsa-miR-573","GO:0035195"
"1534","MIMAT0003241","hsa-miR-576-5p","GO:0005615"
"1535","MIMAT0003247","hsa-miR-582-5p","GO:1903231"
"1536","MIMAT0003247","hsa-miR-582-5p","GO:0035195"
"1537","MIMAT0003249","hsa-miR-584-5p","GO:0000993"
"1538","MIMAT0003249","hsa-miR-584-5p","GO:0005615"
"1539","MIMAT0004799","hsa-miR-589-5p","GO:0005615"
"1540","MIMAT0003258","hsa-miR-590-5p","GO:1903231"
"1541","MIMAT0003258","hsa-miR-590-5p","GO:0008284"
"1542","MIMAT0003258","hsa-miR-590-5p","GO:0010719"
"1543","MIMAT0003258","hsa-miR-590-5p","GO:0030335"
"1544","MIMAT0003258","hsa-miR-590-5p","GO:0035195"
"1545","MIMAT0003258","hsa-miR-590-5p","GO:0035278"
"1546","MIMAT0003258","hsa-miR-590-5p","GO:0045787"
"1547","MIMAT0003258","hsa-miR-590-5p","GO:1903427"
"1548","MIMAT0003258","hsa-miR-590-5p","GO:2000352"
"1549","MIMAT0003258","hsa-miR-590-5p","GO:2000726"
"1550","MIMAT0003258","hsa-miR-590-5p","GO:0005615"
"1551","MIMAT0026622","hsa-miR-619-5p","GO:0070062"
"1552","MIMAT0003301","hsa-miR-33b-5p","GO:0010628"
"1553","MIMAT0003301","hsa-miR-33b-5p","GO:0010983"
"1554","MIMAT0003301","hsa-miR-33b-5p","GO:0035195"
"1555","MIMAT0003301","hsa-miR-33b-5p","GO:0042632"
"1556","MIMAT0003301","hsa-miR-33b-5p","GO:0090370"
"1557","MIMAT0004812","hsa-miR-548d-5p","GO:0045599"
"1558","MIMAT0004812","hsa-miR-548d-5p","GO:0045669"
"1559","MIMAT0004812","hsa-miR-548d-5p","GO:0003730"
"1560","MIMAT0004812","hsa-miR-548d-5p","GO:1903231"
"1561","MIMAT0004812","hsa-miR-548d-5p","GO:0035195"
"1562","MIMAT0003326","hsa-miR-663a","GO:1903231"
"1563","MIMAT0003326","hsa-miR-663a","GO:0035195"
"1564","MIMAT0003329","hsa-miR-411-5p","GO:1903231"
"1565","MIMAT0003329","hsa-miR-411-5p","GO:0032701"
"1566","MIMAT0003329","hsa-miR-411-5p","GO:0035195"
"1567","MIMAT0003329","hsa-miR-411-5p","GO:0005615"
"1568","MIMAT0003338","hsa-miR-660-5p","GO:0005615"
"1569","MIMAT0003339","hsa-miR-421","GO:0005615"
"1570","MIMAT0003880","hsa-miR-671-5p","GO:0070062"
"1571","MIMAT0003882","hsa-miR-767-5p","GO:1903231"
"1572","MIMAT0003882","hsa-miR-767-5p","GO:0035195"
"1573","MIMAT0005458","hsa-miR-1224-5p","GO:1903231"
"1574","MIMAT0005458","hsa-miR-1224-5p","GO:0030949"
"1575","MIMAT0005458","hsa-miR-1224-5p","GO:0035195"
"1576","MIMAT0005458","hsa-miR-1224-5p","GO:0045746"
"1577","MIMAT0005458","hsa-miR-1224-5p","GO:1903672"
"1578","MIMAT0010214","hsa-miR-151b","GO:0005615"
"1579","MIMAT0010214","hsa-miR-151b","GO:1903561"
"1580","MIMAT0005792","hsa-miR-320b","GO:0005615"
"1581","MIMAT0005792","hsa-miR-320b","GO:1903561"
"1582","MIMAT0005793","hsa-miR-320c","GO:0005615"
"1583","MIMAT0005793","hsa-miR-320c","GO:1903561"
"1584","MIMAT0005794","hsa-miR-1296-5p","GO:0005615"
"1585","MIMAT0006789","hsa-miR-1468-5p","GO:0005615"
"1586","MIMAT0003886","hsa-miR-769-5p","GO:0005615"
"1587","MIMAT0018926","hsa-miR-378d","GO:1903561"
"1588","MIMAT0004284","hsa-miR-675-5p","GO:0051897"
"1589","MIMAT0004284","hsa-miR-675-5p","GO:1900017"
"1590","MIMAT0004284","hsa-miR-675-5p","GO:1901670"
"1591","MIMAT0004284","hsa-miR-675-5p","GO:1903428"
"1592","MIMAT0004284","hsa-miR-675-5p","GO:1903945"
"1593","MIMAT0004284","hsa-miR-675-5p","GO:2001170"
"1594","MIMAT0004284","hsa-miR-675-5p","GO:0003730"
"1595","MIMAT0004284","hsa-miR-675-5p","GO:1903231"
"1596","MIMAT0004284","hsa-miR-675-5p","GO:0007162"
"1597","MIMAT0004284","hsa-miR-675-5p","GO:0033689"
"1598","MIMAT0004284","hsa-miR-675-5p","GO:0035195"
"1599","MIMAT0004284","hsa-miR-675-5p","GO:0045668"
"1600","MIMAT0004284","hsa-miR-675-5p","GO:0098586"
"1601","MIMAT0004926","hsa-miR-708-5p","GO:0032691"
"1602","MIMAT0004926","hsa-miR-708-5p","GO:0032715"
"1603","MIMAT0004926","hsa-miR-708-5p","GO:0032720"
"1604","MIMAT0004926","hsa-miR-708-5p","GO:0003730"
"1605","MIMAT0004926","hsa-miR-708-5p","GO:1903231"
"1606","MIMAT0004926","hsa-miR-708-5p","GO:0010629"
"1607","MIMAT0004926","hsa-miR-708-5p","GO:0032689"
"1608","MIMAT0004926","hsa-miR-708-5p","GO:0034144"
"1609","MIMAT0004926","hsa-miR-708-5p","GO:0035195"
"1610","MIMAT0004926","hsa-miR-708-5p","GO:0039531"
"1611","MIMAT0004945","hsa-miR-744-5p","GO:0005615"
"1612","MIMAT0004949","hsa-miR-877-5p","GO:0005615"
"1613","MIMAT0004952","hsa-miR-665","GO:0003727"
"1614","MIMAT0004952","hsa-miR-665","GO:1903231"
"1615","MIMAT0004952","hsa-miR-665","GO:0031047"
"1616","MIMAT0004952","hsa-miR-665","GO:0035195"
"1617","MIMAT0004952","hsa-miR-665","GO:0045668"
"1618","MIMAT0004952","hsa-miR-665","GO:0090090"
"1619","MIMAT0004952","hsa-miR-665","GO:1904706"
"1620","MIMAT0004952","hsa-miR-665","GO:1904753"
"1621","MIMAT0004953","hsa-miR-873-5p","GO:1903231"
"1622","MIMAT0004953","hsa-miR-873-5p","GO:0035195"
"1623","MIMAT0004953","hsa-miR-873-5p","GO:0060044"
"1624","MIMAT0004953","hsa-miR-873-5p","GO:1902807"
"1625","MIMAT0004954","hsa-miR-543","GO:1903231"
"1626","MIMAT0004954","hsa-miR-543","GO:0035195"
"1627","MIMAT0004954","hsa-miR-543","GO:2000773"
"1628","MIMAT0004955","hsa-miR-374b-5p","GO:0003730"
"1629","MIMAT0004955","hsa-miR-374b-5p","GO:1903231"
"1630","MIMAT0004955","hsa-miR-374b-5p","GO:0035195"
"1631","MIMAT0004955","hsa-miR-374b-5p","GO:0005615"
"1632","MIMAT0004978","hsa-miR-935","GO:1903231"
"1633","MIMAT0004978","hsa-miR-935","GO:0032711"
"1634","MIMAT0004978","hsa-miR-935","GO:0035195"
"1635","MIMAT0005880","hsa-miR-1290","GO:0008284"
"1636","MIMAT0005880","hsa-miR-1290","GO:0030335"
"1637","MIMAT0005880","hsa-miR-1290","GO:0070062"
"1638","MIMAT0005911","hsa-miR-1260a","GO:0070062"
"1639","MIMAT0005919","hsa-miR-548o-3p","GO:0005615"
"1640","MIMAT0005934","hsa-miR-548p","GO:1903231"
"1641","MIMAT0005934","hsa-miR-548p","GO:0010868"
"1642","MIMAT0005934","hsa-miR-548p","GO:0035195"
"1643","MIMAT0005934","hsa-miR-548p","GO:0045541"
"1644","MIMAT0005934","hsa-miR-548p","GO:0045717"
"1645","MIMAT0022726","hsa-miR-1306-5p","GO:0005615"
"1646","MIMAT0022727","hsa-miR-1307-5p","GO:0005615"
"1647","MIMAT0006764","hsa-miR-320d","GO:1903561"
"1648","MIMAT0007881","hsa-miR-1908-5p","GO:1900222"
"1649","MIMAT0007881","hsa-miR-1908-5p","GO:0003730"
"1650","MIMAT0007881","hsa-miR-1908-5p","GO:1903231"
"1651","MIMAT0007881","hsa-miR-1908-5p","GO:0010595"
"1652","MIMAT0007881","hsa-miR-1908-5p","GO:0035195"
"1653","MIMAT0007881","hsa-miR-1908-5p","GO:0045766"
"1654","MIMAT0007881","hsa-miR-1908-5p","GO:1903561"
"1655","MIMAT0009448","hsa-miR-1973","GO:1903561"
"1656","MIMAT0015030","hsa-miR-3156-5p","GO:0070062"
"1657","MIMAT0019214","hsa-miR-3173-5p","GO:0005615"
"1658","MIMAT0015072","hsa-miR-320e","GO:1903561"
"1659","MIMAT0016847","hsa-miR-378c","GO:1903561"
"1660","MIMAT0016876","hsa-miR-4324","GO:1903561"
"1661","MIMAT0016895","hsa-miR-2355-5p","GO:1903231"
"1662","MIMAT0016895","hsa-miR-2355-5p","GO:0035195"
"1663","MIMAT0016895","hsa-miR-2355-5p","GO:0090051"
"1664","MIMAT0016895","hsa-miR-2355-5p","GO:1903588"
"1665","MIMAT0016916","hsa-miR-4286","GO:0005615"
"1666","MIMAT0017994","hsa-miR-3615","GO:0005615"
"1667","MIMAT0018104","hsa-miR-3679-5p","GO:0070062"
"1668","MIMAT0018104","hsa-miR-3679-5p","GO:1903561"
"1669","MIMAT0018183","hsa-miR-3909","GO:1903231"
"1670","MIMAT0018183","hsa-miR-3909","GO:0035195"
"1671","MIMAT0018183","hsa-miR-3909","GO:0050728"
"1672","MIMAT0018925","hsa-miR-1268b","GO:0070062"
"1673","MIMAT0018927","hsa-miR-378e","GO:1903561"
"1674","MIMAT0019003","hsa-miR-4476","GO:1903561"
"1675","MIMAT0019018","hsa-miR-4484","GO:0070062"
"1676","MIMAT0019018","hsa-miR-4484","GO:1903561"
"1677","MIMAT0019041","hsa-miR-4505","GO:0070062"
"1678","MIMAT0019041","hsa-miR-4505","GO:1903561"
"1679","MIMAT0019045","hsa-miR-4508","GO:0005615"
"1680","MIMAT0019053","hsa-miR-4516","GO:0070062"
"1681","MIMAT0019074","hsa-miR-378i","GO:1903561"
"1682","MIMAT0019855","hsa-miR-4732-5p","GO:0005615"
"1683","MIMAT0019871","hsa-miR-4741","GO:1903561"
"1684","MIMAT0019885","hsa-miR-4749-5p","GO:1903561"
"1685","MIMAT0019956","hsa-miR-4787-5p","GO:1903561"
"1686","MIMAT0021043","hsa-miR-5010-5p","GO:0005615"
"1687","MIMAT0021120","hsa-miR-5189-5p","GO:0005615"
"1688","MIMAT0024598","hsa-miR-6125","GO:0070062"
